,,,,,,,表格总数量,,773837,"￥6,637,128.00",879914,,"￥6,323,698.12",,"$1,365,517.23","￥8,875,862.00","￥2,552,163.88",28.75%
状态,开发季,大系列,小分类,FSC,货号名称,DESCRIPTION,中文名称,期初存货数,期末存货数,期末存货总价,2023.1-5月销售数量,采购单价,采购总价,销售单价,销售总价,销售总价RMB,毛利额,毛利率
,,,,,,,,,,,,,,,,6.50 ,,
在产,23AW,SCRATCH,Scratch Greeting Card ,FSC,CH221855,Scratch Greeting Card - Flowers,艾维尼刮画多趣贺卡-缤纷花语 FSC,,3322,"￥14,882.56",5646,￥4.48,"￥25,294.08",$1.00,"$5,646.00","￥36,699.00",,31.08%
在产,23AW,SCRATCH,Scratch Greeting Card ,FSC,CH221856,Scratch Greeting Card - Cars,艾维尼刮画多趣贺卡-酷乐车车 FSC,,3862,"￥17,301.76",5106,￥4.48,"￥22,874.88",$1.00,"$5,106.00","￥33,189.00",,31.08%
在产,23AW,SCRATCH,Scratch Greeting Card ,FSC,CH221857,Scratch Greeting Card - Princesses,艾维尼刮画多趣贺卡-甜梦公主 FSC,,3142,"￥14,076.16",5826,￥4.48,"￥26,100.48",$1.00,"$5,826.00","￥37,869.00",,31.08%
在产,23AW,SCRATCH,Scratch Greeting Card ,FSC,CH221858,Scratch Greeting Card - Dinos,艾维尼刮画多趣贺卡-萌趣恐龙 FSC,,3321,"￥14,878.08",5646,￥4.48,"￥25,294.08",$1.00,"$5,646.00","￥36,699.00",,31.08%
在产,23SS,SCRATCH,Scratch Magic,FSC,CH221541,Scratch-4 Magic Pegasusses,艾维尼趣味刮刮画-神奇天马,2867,3526,"￥16,043.30",5461,￥4.55,"￥24,847.55",$0.98,"$5,351.78","￥34,786.57",,28.57%
在产,23SS,SCRATCH,Scratch Magic,FSC,CH221546,Scratch-4 Magic Elves,艾维尼趣味刮刮画-童话精灵,3300,4793,"￥21,808.15",4597,￥4.55,"￥20,916.35",$0.98,"$4,505.06","￥29,282.89",,28.57%
在产,23SS,SCRATCH,Scratch Magic,FSC,CH221568,Scratch-4 Magic Animals,艾维尼趣味刮刮画-可爱动物,7572,4332,"￥19,710.60",3600,￥4.55,"￥16,380.00",$0.98,"$3,528.00","￥22,932.00",,28.57%
在产,23SS,SCRATCH,Scratch Magic,FSC,CH221569,Scratch-4 Magic Birds,艾维尼趣味刮刮画-神奇鸟儿,8065,4741,"￥21,571.55",3684,￥4.55,"￥16,762.20",$0.98,"$3,610.32","￥23,467.08",,28.57%
在产,23SS,SCRATCH,Scratch Magic,FSC,CH221570,Scratch-4 Magic Dragons,艾维尼趣味刮刮画-萌萌恐龙,8205,4701,"￥21,389.55",3864,￥4.55,"￥17,581.20",$0.98,"$3,786.72","￥24,613.68",,28.57%
在产,23SS,SCRATCH,Scratch Magic,FSC,CH221571,Scratch-4 Magic Unicorns,艾维尼趣味刮刮画-彩虹独角兽,6345,4389,"￥19,969.95",5292,￥4.55,"￥24,078.60",$0.98,"$5,186.16","￥33,710.04",,28.57%
在产,23SS,DISPLAY,Display  展架系统,,DP227431E,Empty Display of Scratch,Magic系列刮画/模板刮画/贺卡刮画 空展示盒,692,601,"￥2,866.77",1075,￥4.77,"￥5,127.75",$0.98,"$1,053.50","￥6,847.75",,25.12%
停产在售,2019,SCRATCH,Scratch Magic,需改FSC,CH1542,Scratch-4 Magic Animals,艾维尼彩色线条刮刮画-可爱动物,2187,-268,"￥-1,334.64",2668,￥4.98,"￥13,286.64",$0.98,"$2,614.64","￥16,995.16",,21.82%
停产在售,2019,SCRATCH,Scratch Magic,需改FSC,CH1543,Scratch-4 Magic Birds,艾维尼彩色线条刮刮画-神奇鸟儿,3787,879,"￥4,377.42",2908,￥4.98,"￥14,481.84",$0.98,"$2,849.84","￥18,523.96",,21.82%
停产在售,2019,SCRATCH,Scratch Magic,需改FSC,CH1544,Scratch-4 Magic Dragons,艾维尼彩色线条刮刮画-萌萌恐龙,2336,28,￥139.44,2308,￥4.98,"￥11,493.84",$0.98,"$2,261.84","￥14,701.96",,21.82%
停产在售,2019,SCRATCH,Scratch Magic,需改FSC,CH1545,Scratch-4 Magic Unicorns,艾维尼彩色线条刮刮画-彩虹独角兽,3049,940,"￥4,681.20",5444,￥4.98,"￥27,111.12",$0.98,"$5,335.12","￥34,678.28",,21.82%
在产,2019,SCRATCH,Scratch Junior,已改FSC,CH1674,Scratch Junior - My Sea Friends,艾维尼低幼刮刮画-海洋世界,6643,4031,"￥23,984.45",5912,￥5.95,"￥35,176.40",$1.24,"$7,330.88","￥47,650.72",,26.18%
在产,2019,SCRATCH,Scratch Junior,已改FSC,CH1675,Scratch Junior - My Dinosaur Friends,艾维尼低幼刮刮画-萌趣恐龙,4042,3742,"￥22,264.90",6570,￥5.95,"￥39,091.50",$1.24,"$8,146.80","￥52,954.20",,26.18%
在产,2019,SCRATCH,Scratch Junior,已改FSC,CH1676,Scratch Junior - My Fairy Friends,艾维尼低幼刮刮画-小小仙女,2959,2438,"￥14,506.10",8881,￥5.95,"￥52,841.95",$1.24,"$11,012.44","￥71,580.86",,26.18%
在产,2019,SCRATCH,Scratch Junior,已改FSC,CH1677,Scratch Junior - My Little Mermaid,艾维尼低幼刮刮画-可爱美人鱼,3710,3200,"￥19,040.00",6930,￥5.95,"￥41,233.50",$1.24,"$8,593.20","￥55,855.80",,26.18%
在产,2020,SCRATCH,Scratch Art,已改FSC,CH191678,Scratch -Space,艾维尼趣味刮刮画-太空探险,3452,3944,"￥24,413.36",2568,￥6.19,"￥15,895.92",$1.24,"$3,184.32","￥20,698.08",,23.20%
在产,2020,SCRATCH,Scratch Art,已改FSC,CH191679,Scratch-Construction,艾维尼趣味刮刮画-酷酷工程车,4557,3851,"￥23,837.69",3826,￥6.19,"￥23,682.94",$1.24,"$4,744.24","￥30,837.56",,23.20%
在产,2020,SCRATCH,Scratch Art,已改FSC,CH191680,Scratch-Monster,艾维尼趣味刮刮画-萌萌小怪兽,4389,2844,"￥17,604.36",1545,￥6.19,"￥9,563.55",$1.24,"$1,915.80","￥12,452.70",,23.20%
在产,2020,SCRATCH,Scratch Art,已改FSC,CH191681,Scratch-Transportation,艾维尼趣味刮刮画-交通工具,4085,4289,"￥26,548.91",2925,￥6.19,"￥18,105.75",$1.24,"$3,627.00","￥23,575.50",,23.20%
在产,22AW,SCRATCH,Scratch Learning Fun,,CH211790,Scratch-Favourite Animals Level1,艾维尼进阶刮刮画-认识动物与颜色配对 1阶,2368,1450,"￥8,265.00",3091,￥5.70,"￥17,618.70",$1.24,"$3,832.84","￥24,913.46",,29.28%
在产,22AW,SCRATCH,Scratch Learning Fun,,CH211791,Scratch-Dinosaurs Level3,艾维尼进阶刮刮画-恐龙与数字 3阶,2128,2167,"￥12,351.90",4134,￥5.70,"￥23,563.80",$1.24,"$5,126.16","￥33,320.04",,29.28%
在产,22AW,SCRATCH,Scratch Learning Fun,,CH211792,Scratch-Ocean Life Level2,艾维尼进阶刮刮画-认识海洋动物与趣味形状 2阶,2249,2792,"￥15,914.40",3630,￥5.70,"￥20,691.00",$1.24,"$4,501.20","￥29,257.80",,29.28%
在产,22AW,DISPLAY,Display  展架系统,,DP217426E,Empty Display of Scratch,艾维尼进阶刮刮画空展示盒（21pcs),759,544,"￥5,537.92",214,￥10.18,"￥2,178.52",,$0.00,￥0.00,,#DIV/0!
在产,22SS,SCRATCH,Scratch with Fuzzy Sticks,已改FSC,CH211787,Scratch with Fuzzy Sticks-Magic Butterflies,艾维尼DIY立体刮刮画 - 花花蝴蝶,3055,2684,"￥15,567.20",3371,￥5.80,"￥19,551.80",$1.24,"$4,180.04","￥27,170.26",,28.04%
在产,2021,SCRATCH,Scratch with Fuzzy Sticks,已改FSC,CH201721,Scratch with Fuzzy Sticks-Koala & Kangaroos,艾维尼DIY立体刮刮画 - 考拉与袋鼠,3490,3730,"￥21,634.00",2820,￥5.80,"￥16,356.00",$1.24,"$3,496.80","￥22,729.20",,28.04%
在产,2021,SCRATCH,Scratch with Fuzzy Sticks,已改FSC,CH201723,Scratch with Fuzzy Sticks-Pandas,艾维尼DIY立体刮刮画 - 熊猫一家,2863,1857,"￥10,770.60",3006,￥5.80,"￥17,434.80",$1.24,"$3,727.44","￥24,228.36",,28.04%
在产,2021,SCRATCH,Scratch with Fuzzy Sticks,已改FSC,CH201724,Scratch with Fuzzy Sticks-Sloths,艾维尼DIY立体刮刮画 - 树懒一家,1508,3968,"￥23,014.40",3600,￥5.80,"￥20,880.00",$1.24,"$4,464.00","￥29,016.00",,28.04%
在产,2020,SCRATCH,Scratch with Joint Puppet,,CH191682,Scratch with Joint Puppet -Fairies in the Garden,艾维尼关节玩偶刮刮画-花园精灵,2926,2356,"￥31,782.44",6657,￥13.49,"￥89,802.93",$2.78,"$18,506.46","￥120,291.99",,25.35%
在产,2020,SCRATCH,Scratch with Joint Puppet,,CH191683,Scratch with joint Puppet -Unicorns,艾维尼关节玩偶刮刮画-彩虹独角兽,4057,3795,"￥51,194.55",3413,￥13.49,"￥46,041.37",$2.78,"$9,488.14","￥61,672.91",,25.35%
停产在售,2020,SCRATCH,Scratch with Joint Puppet,,CH191684,Scratch with Joint Puppet -Little Bugs,艾维尼关节玩偶刮刮画-七彩昆虫,3726,2689,"￥36,274.61",1044,￥13.49,"￥14,083.56",$2.36,"$2,463.84","￥16,014.96",,12.06%
在产,2020,SCRATCH,Scratch with Joint Puppet,,CH191685,Scratch with Joint Puppet Forest Animals,艾维尼关节玩偶刮刮画-森林动物,3241,3196,"￥43,114.04",3196,￥13.49,"￥43,114.04",$2.78,"$8,884.88","￥57,751.72",,25.35%
在产,23SS,SCRATCH,Scratch Book,FSC,CH221658,Mini Scratch Book-Princess,艾维尼迷你刮画本-童话公主梦,3017,8885,"￥32,430.25",22032,￥3.65,"￥80,416.80",$0.78,"$17,184.96","￥111,702.24",,28.01%
在产,23SS,SCRATCH,Scratch Book,FSC,CH221659,Mini Scratch Book-Cars,艾维尼迷你刮画本-奇妙酷酷车,3592,7907,"￥28,860.55",18489,￥3.65,"￥67,484.85",$0.78,"$14,421.42","￥93,739.23",,28.01%
在产,22SS,SCRATCH,Scratch Book,已改FSC,CH211656,Mini Scratch Book-Under the Sea,艾维尼迷你刮画本-海洋动物,7035,7058,"￥24,350.10",12934,￥3.45,"￥44,622.30",$0.78,"$10,088.52","￥65,575.38",,31.95%
在产,22SS,SCRATCH,Scratch Book,已改FSC,CH211657,Mini Scratch Book-Animals,艾维尼迷你刮画本-森林动物,6713,5872,"￥20,258.40",13990,￥3.45,"￥48,265.50",$0.78,"$10,912.20","￥70,929.30",,31.95%
在产,2020,SCRATCH,Scratch Book,已改FSC,CH191601,Mini Scratch Book-Dinosaurs,艾维尼迷你刮画本-恐龙世界,4382,7628,"￥26,316.60",19906,￥3.45,"￥68,675.70",$0.78,"$15,526.68","￥100,923.42",,31.95%
在产,2020,SCRATCH,Scratch Book,已改FSC,CH191602,Mini Scratch Book-Unicorns,艾维尼迷你刮画本-梦幻独角兽,8334,7510,"￥25,909.50",23976,￥3.45,"￥82,717.20",$0.78,"$18,701.28","￥121,558.32",,31.95%
在产,22SS,DISPLAY,Display  展架系统,,DP207275E（DP197110）,Empty Display of Mini Scratch Book,迷你刮画本空展示盒,1520,855,"￥2,111.85",2673,￥2.47,"￥6,602.31",,$0.00,￥0.00,,#DIV/0!
在产,23SS,SCRATCH,Scratch Book,FSC,CH221827,A5 Scratch Book - Elves in the Forest,艾维尼A5刮画本―奇妙精灵国,2821,4877,"￥38,040.60",6064,￥7.80,"￥47,299.20",$1.75,"$10,612.00","￥68,978.00",,31.43%
在产,23SS,SCRATCH,Scratch Book,FSC,CH221828,A5 Scratch Book - Under the sea,艾维尼A5刮画本―海洋环游记,2393,2471,"￥19,273.80",7042,￥7.80,"￥54,927.60",$1.75,"$12,323.50","￥80,102.75",,31.43%
在产,23SS,DISPLAY,Display  展架系统,,DP227460E,A5 Scratch Book Assorted Carton Display 4*2items,艾维尼A5刮画本空展示盒+保护罩 无卡头,207,293,￥858.49,926,￥2.93,"￥2,713.18",,$0.00,￥0.00,,#DIV/0!
在产,23SS,SCRATCH,Scratch Book,FSC,CH221833,A4 Scratch Book - Secret Garden,艾维尼A4刮画本―花园秘境集,666,3124,"￥41,080.60",3998,￥13.15,"￥52,573.70",$3.00,"$11,994.00","￥77,961.00",,32.56%
在产,23SS,SCRATCH,Scratch Book,FSC,CH221834,A4 Scratch Book - Magical Animals,艾维尼A4刮画本―森林奇遇记,666,3222,"￥42,369.30",3900,￥13.15,"￥51,285.00",$3.00,"$11,700.00","￥76,050.00",,32.56%
在产,23SS,DISPLAY,Display  展架系统,,DP227461E,A4 Scratch Book Assorted Carton Display 4*2items,艾维尼A4刮画本空展示盒+保护罩 无卡头,601,328,"￥1,338.24",291,￥4.08,"￥1,187.28",,$0.00,￥0.00,,#DIV/0!
在产,22SS,SCRATCH,Scratch Bouquet,已改FSC,CH211731,Scartch Kitty Bouquet,艾维尼花束刮刮画-猫咪花束,5691,4029,"￥29,774.31",1642,￥7.39,"￥12,134.38",$1.75,"$2,873.50","￥18,677.75",,35.03%
在产,22SS,SCRATCH,Scratch Bouquet,已改FSC,CH211732,Scartch Butterfly Bouquet,艾维尼花束刮刮画-蝴蝶花束,2668,3747,"￥27,690.33",1901,￥7.39,"￥14,048.39",$1.75,"$3,326.75","￥21,623.88",,35.03%
在产,22SS,SCRATCH,Scratch Bouquet,已改FSC,CH211733,Scartch Cake Bouquet,艾维尼花束刮刮画-蛋糕花束,6054,3072,"￥22,702.08",2962,￥7.39,"￥21,889.18",$1.75,"$5,183.50","￥33,692.75",,35.03%
在产,22SS,SCRATCH,Scratch Bouquet,已改FSC,CH211734,Scartch Flower Bouquet,艾维尼花束刮刮画-花朵花束,1660,2906,"￥21,475.34",1734,￥7.39,"￥12,814.26",$1.75,"$3,034.50","￥19,724.25",,35.03%
在产,22SS,DISPLAY,Display  展架系统,,DP217383E（DP217378）,Empty display of Scratch Bouquet,花束刮刮画 空展示盒（12pcs),1355,1111,"￥6,199.38",248,￥5.58,"￥1,383.84",,$0.00,￥0.00,,#DIV/0!
在产,2020,SCRATCH,Scratch Note,已改FSC,CH191600,Scratch Note,便签盒刮画,26715,10107,"￥54,577.80",16560,￥5.40,"￥89,424.00",$1.30,"$21,528.00","￥139,932.00",,36.09%
在产,2020,DISPLAY,Display  展架系统,,DP207274E（DP197111）,Empty Display of Scratch Note,便签刮画本空展示盒,1679,383,"￥1,738.82",1296,￥4.54,"￥5,883.84",,$0.00,￥0.00,,#DIV/0!
在产,22AW,SCRATCH,Scratch 'N' Catch,,CH211788,Scratch 'N' Catch-Jungle Animals,艾维尼DIY我自己的钓鱼游戏-丛林动物,3646,2813,"￥50,099.53",929,￥17.81,"￥16,545.49",$3.89,"$3,613.81","￥23,489.77",,29.56%
在产,22AW,SCRATCH,Scratch 'N' Catch,,CH211789,Scratch 'N' Catch-Yummy Dessert,艾维尼DIY我自己的钓鱼游戏-美味甜品,3743,2899,"￥51,631.19",940,￥17.81,"￥16,741.40",$3.89,"$3,656.60","￥23,767.90",,29.56%
在产,22AW,DISPLAY,Display  展架系统,,DP217429E,Empty Display of Scratch 'N' Catch,艾维尼DIY我自己的钓鱼游戏空展示盒 (6pcs),15,997,"￥4,217.31",18,￥4.23,￥76.14,,$0.00,￥0.00,,#DIV/0!
在产,23AW,SCRATCH,Create My Own Scratch Art Light Box,FSC,CH221808,Create My Own Scratch Art Light Box-My Magical Journey,艾维尼梦幻刮画灯-我的追光之旅 FSC,,1325,"￥34,582.50",3663,￥26.10,"￥95,604.30",$5.20,"$19,047.60","￥123,809.40",,22.78%
在产,2020,SCRATCH,Create My Own Scratch Art Light Box,,CH191434,Create Your Own Light Box,艾维尼梦幻刮画灯,5180,2203,"￥55,185.15",3553,￥25.05,"￥89,002.65",$5.20,"$18,475.60","￥120,091.40",,25.89%
待观察,22AW,SEWING,Lacing My First Charm,需改FSC,CH211796,Lacing My First Charm-Animal Friends Level1,艾维尼DIY穿绳玩偶挂饰-我的动物朋友 1阶,5048,4674,"￥40,990.98",1922,￥8.77,"￥16,855.94",$2.00,"$3,844.00","￥24,986.00",,32.54%
待观察,22AW,SEWING,Lacing My First Charm,需改FSC,CH211797,Lacing My First Charm-Pet Friends Level1,艾维尼DIY穿绳玩偶挂饰-我的宠物朋友 1阶,3905,2064,"￥18,101.28",3595,￥8.77,"￥31,528.15",$2.00,"$7,190.00","￥46,735.00",,32.54%
待观察,22AW,SEWING,Lacing My First Charm,需改FSC,CH211798,Lacing My First Charm-Dino Friends Level1,艾维尼DIY穿绳玩偶挂饰-我的恐龙朋友 1阶,3664,2281,"￥20,004.37",2931,￥8.77,"￥25,704.87",$2.00,"$5,862.00","￥38,103.00",,32.54%
待观察,22AW,SEWING,Lacing My First Charm,需改FSC,CH211799,Lacing My First Charm-Sea Friends Level1,艾维尼DIY穿绳玩偶挂饰-我的海洋朋友 1阶,4972,3823,"￥33,527.71",2740,￥8.77,"￥24,029.80",$2.00,"$5,480.00","￥35,620.00",,32.54%
待观察,23SS,SEWING,Lacing My First Charm,FSC,CH221800,Lacing My First Charm-Polar Animal Friends Level2,艾维尼DIY穿绳玩偶挂饰-我的极地动物朋友 2阶,748,1788,"￥15,680.76",1008,￥8.77,"￥8,840.16",$2.00,"$2,016.00","￥13,104.00",,32.54%
待观察,23SS,SEWING,Lacing My First Charm,FSC,CH221801,Lacing My First Charm-Unicorn Friends Level2,艾维尼DIY穿绳玩偶挂饰-我的独角兽朋友 2阶,2028,2644,"￥23,187.88",2528,￥8.77,"￥22,170.56",$2.00,"$5,056.00","￥32,864.00",,32.54%
待观察,23SS,SEWING,Lacing My First Charm,FSC,CH221802,Lacing My First Charm-Monster Friends Level2,艾维尼DIY穿绳玩偶挂饰-我的怪兽朋友 2阶,2413,829,"￥7,270.33",1728,￥8.77,"￥15,154.56",$2.00,"$3,456.00","￥22,464.00",,32.54%
待观察,23SS,SEWING,Lacing My First Charm,FSC,CH221803,Lacing My First Charm-Bird Friends Level2,艾维尼DIY穿绳玩偶挂饰-我的鸟儿朋友 2阶,869,1763,"￥15,461.51",1154,￥8.77,"￥10,120.58",$2.00,"$2,308.00","￥15,002.00",,32.54%
待观察,23SS,SEWING,Lacing My First Charm,FSC,CH221804,Lacing My First Charm-Mermaid Friend Level3,艾维尼DIY穿绳玩偶挂饰-我的美人鱼朋友 3阶,2268,700,"￥6,139.00",1736,￥8.77,"￥15,224.72",$2.00,"$3,472.00","￥22,568.00",,32.54%
待观察,23SS,SEWING,Lacing My First Charm,FSC,CH221805,Lacing My First Charm-Princess Friend Level3,艾维尼DIY穿绳玩偶挂饰-我的公主朋友 3阶,2581,1181,"￥10,357.37",1472,￥8.77,"￥12,909.44",$2.00,"$2,944.00","￥19,136.00",,32.54%
待观察,23SS,SEWING,Lacing My First Charm,FSC,CH221806,Lacing My First Charm-Astronaut Friend Level3,艾维尼DIY穿绳玩偶挂饰-我的宇航员朋友 3阶,868,2116,"￥18,557.32",824,￥8.77,"￥7,226.48",$2.00,"$1,648.00","￥10,712.00",,32.54%
待观察,23SS,SEWING,Lacing My First Charm,FSC,CH221807,Lacing My First Charm-Elf Friend Level3,艾维尼DIY穿绳玩偶挂饰-我的精灵朋友 3阶,1085,149,"￥1,306.73",1104,￥8.77,"￥9,682.08",$2.00,"$2,208.00","￥14,352.00",,32.54%
在产,23SS,DISPLAY,Display  展架系统,FSC,DP227465E,Lacing My First Charm Assorted Carton Display 1*12items,艾维尼DIY穿绳玩偶挂饰空展示盒+卡头,580,186,"￥1,177.38",394,￥6.33,"￥2,494.02",$2.00,$788.00,"￥5,122.00",,51.31%
在产,2020,SEWING,DIY Sewing Pen Topper,,CH191696,DIY Sewing Pen Topper Lion,艾维尼Mini笔套缝制-小狮子,1582,880,"￥3,300.00",2705,￥3.75,"￥10,143.75",$1.14,"$3,083.70","￥20,044.05",,49.39%
在产,2020,SEWING,DIY Sewing Pen Topper,,CH191697,DIY Sewing Pen Topper Monster,艾维尼Mini笔套缝制-小怪兽,2256,1771,"￥6,641.25",2488,￥3.75,"￥9,330.00",$1.14,"$2,836.32","￥18,436.08",,49.39%
在产,2020,SEWING,DIY Sewing Pen Topper,,CH191698,DIY Sewing Pen Topper Panda,艾维尼Mini笔套缝制-大熊猫,2434,1337,"￥5,013.75",3100,￥3.75,"￥11,625.00",$1.14,"$3,534.00","￥22,971.00",,49.39%
在产,2020,SEWING,DIY Sewing Pen Topper,,CH191699,DIY Sewing Pen Topper Owl,艾维尼Mini笔套缝制-猫头鹰,614,1697,"￥6,363.75",2920,￥3.75,"￥10,950.00",$1.14,"$3,328.80","￥21,637.20",,49.39%
在产,2020,SEWING,DIY Sewing Pen Topper,,CH191700,DIY Sewing Pen Topper Frog,艾维尼Mini笔套缝制-小青蛙,2083,1418,"￥5,317.50",2668,￥3.75,"￥10,005.00",$1.14,"$3,041.52","￥19,769.88",,49.39%
在产,2020,SEWING,DIY Sewing Pen Topper,,CH191701,DIY Sewing Pen Topper Kitty,艾维尼Mini笔套缝制-小猫咪,1324,2335,"￥8,756.25",2992,￥3.75,"￥11,220.00",$1.14,"$3,410.88","￥22,170.72",,49.39%
在产,2020,SEWING,DIY Sewing Pen Topper,,CH191702,DIY Sewing Pen Topper Unicorn,艾维尼Mini笔套缝制-独角兽,743,2384,"￥8,940.00",4362,￥3.75,"￥16,357.50",$1.14,"$4,972.68","￥32,322.42",,49.39%
在产,2020,SEWING,DIY Sewing Pen Topper,,CH191703,DIY Sewing Pen Topper Monkey,艾维尼Mini笔套缝制-小猴子,1769,1066,"￥3,997.50",2706,￥3.75,"￥10,147.50",$1.14,"$3,084.84","￥20,051.46",,49.39%
在产,2020,SEWING,DIY Sewing Pen Topper,,CH191704,DIY Sewing Pen Topper Lama,艾维尼Mini笔套缝制-小羊驼,559,1426,"￥5,347.50",3136,￥3.75,"￥11,760.00",$1.14,"$3,575.04","￥23,237.76",,49.39%
在产,2020,DISPLAY,Display  展架系统,,DP207264E（DP197086）,Empty display of Sewing Pen Topper-Export,艾维尼Mini笔套缝制空展示盒(9套入）-外销款,269,1440,"￥5,961.60",1833,￥4.14,"￥7,588.62",,$0.00,￥0.00,,#DIV/0!
停产在售,2019,SEWING,Sewing My First Doll,,CH1376,Sewing My First Doll-Koala,艾维尼DIY手工缝制玩偶-小考拉,4851,4420,"￥43,271.80",180,￥9.79,"￥1,762.20",$1.74,$313.20,"￥2,035.80",,13.44%
停产在售,2019,SEWING,Sewing My First Doll,,CH1377,Sewing My First Doll-Bunny,艾维尼DIY手工缝制玩偶-小兔子,3554,2556,"￥25,023.24",864,￥9.79,"￥8,458.56",$1.74,"$1,503.36","￥9,771.84",,13.44%
停产在售,2019,SEWING,Sewing My First Doll,,CH1378,Sewing My First Doll-Kitty,艾维尼DIY手工缝制玩偶-猫咪,4499,3625,"￥35,488.75",934,￥9.79,"￥9,143.86",$1.74,"$1,625.16","￥10,563.54",,13.44%
停产在售,2019,SEWING,Sewing My First Doll,,CH1386,Sewing My First Doll-Unicorn,艾维尼DIY手工缝制玩偶-独角兽,3739,2154,"￥21,087.66",1656,￥9.79,"￥16,212.24",$1.74,"$2,881.44","￥18,729.36",,13.44%
停产在售,,SEWING,Sewing My First Doll,,CH1373,Sewing-Bear,艾维尼手工DIY缝制玩偶-小熊,660,588,"￥5,756.52",72,￥9.79,￥704.88,$1.36,$97.92,￥636.48,,-10.75%
停产在售,,SEWING,Sewing My First Doll,,CH1385,Sewing-Alpaca,艾维尼手工DIY缝制玩偶-羊驼,425,353,"￥3,455.87",72,￥9.79,￥704.88,$1.36,$97.92,￥636.48,,-10.75%
停产在售,2019,SEWING,DIY Embroidery Hoop,,CH191705,DIY Embroidery Hoop-Panda,艾维尼手工DIY刺绣箍-大熊猫,1152,1152,"￥15,920.64",0,￥13.82,￥0.00,$1.88,$0.00,￥0.00,,#DIV/0!
停产在售,2019,SEWING,DIY Embroidery Hoop,,CH191706,DIY Embroidery Hoop-Unicorn,艾维尼手工DIY刺绣箍-独角兽,1056,608,"￥8,402.56",448,￥13.82,"￥6,191.36",$1.88,$842.24,"￥5,474.56",,-13.09%
停产在售,2019,SEWING,DIY Embroidery Hoop,,CH191707,DIY Embroidery Hoop-Llama,艾维尼手工DIY刺绣箍-羊驼,1182,1182,"￥16,335.24",0,￥13.82,￥0.00,$1.88,$0.00,￥0.00,,#DIV/0!
停产在售,2019,SEWING,DIY Embroidery Hoop,,CH191708,DIY Embroidery Hoop-Mermaid,艾维尼手工DIY刺绣箍-美人鱼,1352,1256,"￥17,357.92",96,￥13.82,"￥1,326.72",$1.88,$180.48,"￥1,173.12",,-13.09%
在产,23SS,SEWING,Sewing My Animal Friend,FSC,CH221815,Sewing My Animal Friend-Musical Bunny,艾维尼缝制并肩同行的好朋友-兔丽丽,966,1468,"￥20,992.40",2834,￥14.30,"￥40,526.20",$3.25,"$9,210.50","￥59,868.25",,32.31%
在产,23SS,SEWING,Sewing My Talented Animal Friend缝制我的个性动物朋友,FSC,CH221816,Sewing My Animal Friend-Snowboarding Bear,艾维尼缝制并肩同行的好朋友-熊酷酷,1783,3110,"￥44,473.00",1733,￥14.30,"￥24,781.90",$3.25,"$5,632.25","￥36,609.63",,32.31%
在产,23SS,SEWING,Sewing My Talented Animal Friend缝制我的个性动物朋友,FSC,CH221817,Sewing My Animal Friend-Arty Crocodile,艾维尼缝制并肩同行的好朋友-鳄暖暖,2037,3661,"￥52,352.30",1412,￥14.30,"￥20,191.60",$3.25,"$4,589.00","￥29,828.50",,32.31%
在产,23SS,SEWING,Sewing My Talented Animal Friend缝制我的个性动物朋友,FSC,CH221818,Sewing My Animal Friend-Snoozy Lamb,艾维尼缝制并肩同行的好朋友-羊绵绵,1358,2522,"￥36,064.60",2052,￥14.30,"￥29,343.60",$3.25,"$6,669.00","￥43,348.50",,32.31%
在产,23SS,SEWING,FASHION STRAP,FSC,CH221863,Fashion strap-Musical Bunny,艾维尼童趣肩带-兔丽丽 ,781,781,"￥2,889.70",0,￥3.70,￥0.00,$0.75,$0.00,￥0.00,,#DIV/0!
在产,23SS,SEWING,FASHION STRAP,FSC,CH221864,Fashion strap-Snowboarding bear,艾维尼童趣肩带-熊酷酷,781,781,"￥2,889.70",0,￥3.70,￥0.00,$0.75,$0.00,￥0.00,,#DIV/0!
在产,23SS,SEWING,FASHION STRAP,FSC,CH221865,Fashion strap-Arty Crocodile,艾维尼童趣肩带-鳄暖暖,781,781,"￥2,889.70",0,￥3.70,￥0.00,$0.75,$0.00,￥0.00,,#DIV/0!
在产,23SS,SEWING,FASHION STRAP,FSC,CH221866,Fashion strap-Snoozy Lamb,艾维尼童趣肩带-羊绵绵,781,781,"￥2,889.70",0,￥3.70,￥0.00,$0.75,$0.00,￥0.00,,#DIV/0!
在产,23SS,POS,GIFT BAG,FSC,DP227466E,Gift bag-Musical Bunny,礼品袋-兔丽丽,745,745,"￥1,698.60",100,￥2.28,￥228.00,$0.41,$41.00,￥266.50,,14.45%
在产,23SS,POS,GIFT BAG,FSC,DP227467E,Gift bag-Snowboarding Bear,礼品袋-熊酷酷,755,755,"￥1,721.40",100,￥2.28,￥228.00,$0.41,$41.00,￥266.50,,14.45%
在产,23SS,POS,GIFT BAG,FSC,DP227468E,Gift bag-Arty Crocodile,礼品袋-鳄暖暖,855,755,"￥1,721.40",100,￥2.28,￥228.00,$0.41,$41.00,￥266.50,,14.45%
在产,23SS,POS,GIFT BAG,FSC,DP227469E,Gift bag-Snoozy Lamb,礼品袋-羊绵绵,745,745,"￥1,698.60",100,￥2.28,￥228.00,$0.41,$41.00,￥266.50,,14.45%
在产,22AW,SEWING,Sewing My First Keychain,,CH211636,Sewing My First Keychain-Fox,艾维尼DIY手工缝制玩偶挂件-小狐狸格林Green,1161,3413,"￥39,249.50",3771,￥11.50,"￥43,366.50",$2.65,"$9,993.15","￥64,955.48",,33.24%
在产,23SS,SEWING,Sewing My First Keychain,,CH221637,Sewing My First Keychain-Tiger,艾维尼DIY手工缝制玩偶挂件-Bibi虎,1411,2966,"￥34,109.00",4495,￥11.50,"￥51,692.50",$2.65,"$11,911.75","￥77,426.38",,33.24%
在产,23SS,SEWING,Sewing My First Keychain,,CH221638,Sewing My First Keychain-Bunny,艾维尼DIY手工缝制玩偶挂件-Bobo兔,1020,3264,"￥37,536.00",3960,￥11.50,"￥45,540.00",$2.65,"$10,494.00","￥68,211.00",,33.24%
在产,2019,SEWING,Sewing My First Keychain,,CH1628,Sewing My First Keychain-Unicorn,艾维尼DIY手工缝制玩偶挂件-独角兽云宝Rainbow,2163,4095,"￥47,092.50",6131,￥11.50,"￥70,506.50",$2.65,"$16,247.15","￥105,606.48",,33.24%
在产,2019,SEWING,Sewing My First Keychain,,CH1629,Sewing My First Keychain-Owl,艾维尼DIY手工缝制玩偶挂件-猫头鹰欧欧OO,1694,2335,"￥26,852.50",2409,￥11.50,"￥27,703.50",$2.65,"$6,383.85","￥41,495.03",,33.24%
在产,2019,SEWING,Sewing My First Keychain,,CH1631,Sewing My First Keychain- Llama,艾维尼DIY手工缝制玩偶挂件-羊驼突突TUTU,1913,4469,"￥51,393.50",3576,￥11.50,"￥41,124.00",$2.65,"$9,476.40","￥61,596.60",,33.24%
停产在售,2019,SEWING,Sewing My First Keychain,,CH1632,Sewing My First Keychain-Sloth,艾维尼DIY手工缝制玩偶挂件-树懒,1020,-131,"￥-1,506.50",1114,￥11.50,"￥12,811.00",$2.12,"$2,361.68","￥15,350.92",,16.55%
在产,2019,SEWING,Sewing My First Keychain,,CH1633,Sewing My First Keychain- Deer,艾维尼DIY手工缝制玩偶挂件-幸运小鹿Lucky,1921,2689,"￥30,923.50",1364,￥11.50,"￥15,686.00",$2.65,"$3,614.60","￥23,494.90",,33.24%
在产,2019,SEWING,Sewing My First Keychain,,CH1634,Sewing My First Keychain-Penguin,艾维尼DIY手工缝制玩偶挂件-企鹅嗨嗨Hihi,1922,2421,"￥27,841.50",3761,￥11.50,"￥43,251.50",$2.65,"$9,966.65","￥64,783.23",,33.24%
在产,2019,DISPLAY,Display  展架系统,,DP207256E（DP7062）,Empty Display of Sewing My First Keychain key chain,艾维尼DIY手工缝制玩偶挂件空展示盒,417,609,"￥3,105.90",1812,￥5.10,"￥9,241.20",,$0.00,￥0.00,,#DIV/0!
在产,2021,SEWING,Sewing My First Doll,,CH201618,Sewing My First Doll-koala with heart,艾维尼DIY手工缝制玩偶 - 爱心考拉Hope,4432,3443,"￥59,185.17",6094,￥17.19,"￥104,755.86",$3.54,"$21,572.76","￥140,222.94",,25.29%
在产,2021,SEWING,Sewing My First Doll,,CH201619,Sewing My First Doll-Mom and baby panda,艾维尼DIY手工缝制玩偶 -亲子熊猫兜兜与妈妈,2565,1614,"￥27,744.66",3033,￥17.19,"￥52,137.27",$3.54,"$10,736.82","￥69,789.33",,25.29%
在产,2019,SEWING,Sewing My First Doll,,CH1620,Sewing My First Doll-Unicorn,艾维尼DIY手工缝制玩偶 -独角兽云宝Rainbow,1997,5668,"￥97,432.92",7563,￥17.19,"￥130,007.97",$3.54,"$26,773.02","￥174,024.63",,25.29%
停产在售,2019,SEWING,Sewing My First Doll,,CH1621,Sewing My First Doll--Owl,艾维尼DIY手工缝制玩偶 -猫头鹰欧欧OO,1681,826,"￥14,198.94",921,￥17.19,"￥15,831.99",$3.54,"$3,260.34","￥21,192.21",,25.29%
在产,2019,SEWING,Sewing My First Doll,,CH1623,Sewing My First Doll-Llama,艾维尼DIY手工缝制玩偶 -羊驼突突Tutu,3112,4248,"￥73,023.12",4954,￥17.19,"￥85,159.26",$3.54,"$17,537.16","￥113,991.54",,25.29%
在产,2019,SEWING,Sewing My First Doll,,CH1624,Sewing My First Doll-Sloth,艾维尼DIY手工缝制玩偶 -树懒布朗尼Brownie,2408,971,"￥16,691.49",1535,￥17.19,"￥26,386.65",$3.54,"$5,433.90","￥35,320.35",,25.29%
停产在售,2019,SEWING,Sewing My First Doll,,CH1625,Sewing My First Doll-Deer,艾维尼DIY手工缝制玩偶 -幸运小鹿Lucky,410,1802,"￥30,976.38",1538,￥17.19,"￥26,438.22",$3.54,"$5,444.52","￥35,389.38",,25.29%
在产,2019,SEWING,Sewing My First Doll,,CH1626,Sewing My First Doll-Penguin,艾维尼DIY手工缝制玩偶 -企鹅,3088,2249,"￥38,660.31",5841,￥17.19,"￥100,406.79",$3.54,"$20,677.14","￥134,401.41",,25.29%
在产,2019,DISPLAY,Display  展架系统,,DP207254E（DP7063）,Empty Display of  Sewing My First Doll,艾维尼DIY手工缝制玩偶空展示盒,802,124,￥937.44,680,￥7.56,"￥5,140.80",,$0.00,￥0.00,,#DIV/0!
停产在售,2021,SEWING,Loopie Fun ,,CH201749,Loopie Fun My First Plush Bag-Bear,艾维尼DIY钩钩包-小熊,3171,1603,"￥28,373.10",1309,￥17.70,"￥23,169.30",$3.54,"$4,633.86","￥30,120.09",,23.08%
停产在售,2021,SEWING,Loopie Fun ,,CH201751,Loopie Fun My First Plush Bag-Fox,艾维尼DIY钩钩包-小狐狸,1266,1046,"￥18,514.20",1308,￥17.70,"￥23,151.60",$3.54,"$4,630.32","￥30,097.08",,23.08%
停产在售,2021,SEWING,Loopie Fun ,,CH201750,Loopie Fun My First Plush Bag-Bunny,艾维尼DIY钩钩包-小兔子,1086,515,"￥9,115.50",1911,￥17.70,"￥33,824.70",$3.54,"$6,764.94","￥43,972.11",,23.08%
停产在售,22SS,SEWING,Loopie Fun ,,CH211752,Loopie Fun My First Plush Bag-Panda,艾维尼DIY钩钩包-大熊猫,3236,2206,"￥39,046.20",1013,￥17.70,"￥17,930.10",$3.54,"$3,586.02","￥23,309.13",,23.08%
停产在售,22SS,SEWING,Loopie Fun ,,CH211753,Loopie Fun My First Plush Bag-Koala,艾维尼DIY钩钩包-小考拉,2986,1774,"￥31,399.80",1164,￥17.70,"￥20,602.80",$3.54,"$4,120.56","￥26,783.64",,23.08%
停产在售,22SS,SEWING,Loopie Fun ,,CH211754,Loopie Fun My First Plush Bag-Deer,艾维尼DIY钩钩包-小鹿,1420,1332,"￥23,576.40",80,￥17.70,"￥1,416.00",$3.54,$283.20,"￥1,840.80",,23.08%
停产在售,22SS,DISPLAY,Display  展架系统,,DP207250E（DP207235）,Empty Display of Loopie Fun My First Plush Bag,艾维尼DIY钩钩包空展示盒,555,304,"￥2,188.80",346,￥7.20,"￥2,491.20",,$0.00,￥0.00,,#DIV/0!
在产,23AW,CRAFT PLAY BOX,CRAFT PLAY BOX,FSC,CH221893,Craft Play Box-Unicorn Wonderland,艾维尼手工艺术宝盒- 独角兽幻想乐园 FSC,,1086,"￥37,467.00",1908,￥34.50,"￥65,826.00",$7.50,"$14,310.00","￥93,015.00",,29.23%
在产,23SS,SEWING,FUN BEAD CHARM串珠,FSC,CH221883,Fun Bead Charm-Create My Own Bunny,艾维尼趣味串珠挂饰-粉兔兔,3294,2622,"￥13,450.86",6816,￥5.13,"￥34,966.08",$1.25,"$8,520.00","￥55,380.00",,36.86%
在产,23SS,SEWING,FUN BEAD CHARM串珠,FSC,CH221884,Fun Bead Charm-Create My Own Cat,艾维尼趣味串珠挂饰-紫喵喵,3006,2286,"￥11,727.18",7248,￥5.13,"￥37,182.24",$1.25,"$9,060.00","￥58,890.00",,36.86%
在产,23SS,SEWING,FUN BEAD CHARM串珠,FSC,CH221885,Fun Bead Charm-Create My Own Dog,艾维尼趣味串珠挂饰-蓝汪汪,3054,2238,"￥11,480.94",7200,￥5.13,"￥36,936.00",$1.25,"$9,000.00","￥58,500.00",,36.86%
在产,23SS,SEWING,FUN BEAD CHARM串珠,FSC,CH221886,Fun Bead Charm-Create My Own Fox,艾维尼趣味串珠挂饰-桔小狐,3342,3726,"￥19,114.38",6000,￥5.13,"￥30,780.00",$1.25,"$7,500.00","￥48,750.00",,36.86%
在产,23SS,DISPLAY,Display  展架系统,FSC,DP227462E,Fun Bead Charm Assorted Carton Display 3*4items,艾维尼趣味串珠挂饰空展示盒+卡头无保护罩+卡头,396,84,￥551.04,1312,￥6.56,"￥8,606.72",,$0.00,￥0.00,,#DIV/0!
在产,23SS,STICKERS,Face Gems & Gem Stickers,FSC,TS228224,Face gems-Flowers,艾维尼童趣脸贴-繁花公主,1617,2090,"￥9,614.00",6703,￥4.60,"￥30,833.80",$1.25,"$8,378.75","￥54,461.88",,43.38%
在产,23SS,STICKERS,Face Gems & Gem Stickers,FSC,TS228225,Face gems-Wings,艾维尼童趣脸贴-部落公主,2218,2310,"￥10,626.00",5884,￥4.60,"￥27,066.40",$1.25,"$7,355.00","￥47,807.50",,43.38%
在产,23SS,STICKERS,Face Gems & Gem Stickers,FSC,TS228226,Face gems-Stars,艾维尼童趣脸贴-星月公主,2017,2559,"￥11,771.40",6634,￥4.60,"￥30,516.40",$1.25,"$8,292.50","￥53,901.25",,43.38%
在产,23SS,STICKERS,Face Gems & Gem Stickers,FSC,TS228227,Face gems-Crown,艾维尼童趣脸贴-宫廷公主,2218,2610,"￥12,006.00",5584,￥4.60,"￥25,686.40",$1.25,"$6,980.00","￥45,370.00",,43.38%
在产,23SS,DISPLAY,Display  展架系统,,DP227463E,Face Gems Assorted Carton Display 12*4items,艾维尼童趣脸贴空展示盒+卡头+内衬+保护罩,113,37,￥353.35,124,￥9.55,"￥1,184.20",,$0.00,￥0.00,,#DIV/0!
在产,23SS,STICKERS,Face Gems & Gem Stickers,FSC,TS228232,Gem Stickers-Jewels,艾维尼童趣钻贴-钻石心,1935,4579,"￥20,926.03",8044,￥4.57,"￥36,761.08",$1.00,"$8,044.00","￥52,286.00",,29.69%
在产,23SS,STICKERS,Face Gems & Gem Stickers,FSC,TS228233,Gem Stickers-Flowers,艾维尼童趣钻贴-花与蝶,1735,4531,"￥20,706.67",8092,￥4.57,"￥36,980.44",$1.00,"$8,092.00","￥52,598.00",,29.69%
在产,23SS,STICKERS,Face Gems & Gem Stickers,FSC,TS228234,Gem Stickers-Rainbows,艾维尼童趣钻贴-彩虹雨,1936,4632,"￥21,168.24",7992,￥4.57,"￥36,523.44",$1.00,"$7,992.00","￥51,948.00",,29.69%
在产,23SS,STICKERS,Face Gems & Gem Stickers,FSC,TS228235,Gem Sticker-Galaxy,艾维尼童趣钻贴-银河星,1736,4432,"￥20,254.24",8192,￥4.57,"￥37,437.44",$1.00,"$8,192.00","￥53,248.00",,29.69%
在产,23SS,DISPLAY,Display  展架系统,,DP227464E,Gem Stickers Assorted Carton Display 12*4items,艾维尼童趣钻贴空展示盒（只做保护罩和卡头，展示盒用的通用小信封展示盒）,239,347,"￥1,356.77",416,￥3.91,"￥1,626.56",,$0.00,￥0.00,,#DIV/0!
在产,2020,STICKERS,NAIL STICKERS,已改FSC,NA198182,Nail Sticker-Animals,艾维尼童趣指甲贴-闪闪动物,4045,3280,"￥10,791.20",865,￥3.29,"￥2,845.85",$0.94,$813.10,"￥5,285.15",,46.15%
在产,2020,STICKERS,NAIL STICKERS,已改FSC,NA198183,Nail Sticker-Ocean,艾维尼童趣指甲贴-闪闪海洋,4049,3064,"￥10,080.56",1085,￥3.29,"￥3,569.65",$0.94,"$1,019.90","￥6,629.35",,46.15%
在产,2020,STICKERS,NAIL STICKERS,已改FSC,NA198184,Nail Sticker-Unicorns,艾维尼童趣指甲贴-闪闪独角兽,2387,2292,"￥7,540.68",3195,￥3.29,"￥10,511.55",$0.94,"$3,003.30","￥19,521.45",,46.15%
在产,2020,STICKERS,NAIL STICKERS,已改FSC,NA198186,Nail Sticker-Princess,艾维尼童趣指甲贴-闪闪公主,3445,1760,"￥5,790.40",1785,￥3.29,"￥5,872.65",$0.94,"$1,677.90","￥10,906.35",,46.15%
在产,2020,STICKERS,NAIL STICKERS,已改FSC,NA198187,Nail Sticker-Pets,艾维尼童趣指甲贴-闪闪宠物,3564,2079,"￥6,839.91",1585,￥3.29,"￥5,214.65",$0.94,"$1,489.90","￥9,684.35",,46.15%
在产,2020,DISPLAY,Display  展架系统,,DP207265E（DP207278E）,Empty display of Large Nail Stickers,空大指甲贴展示盒（同大纹身贴展示盒卡头不同）72套/展,1066,502,"￥3,413.60",564,￥6.80,"￥3,835.20",,$0.00,￥0.00,,#DIV/0!
在产,2020,STICKERS,NAIL STICKERS,已改FSC,NA198173,Nail Sticker,艾维尼童趣指甲贴-可爱动物,5964,3879,"￥8,184.69",5085,￥2.11,"￥10,729.35",$0.52,"$2,644.20","￥17,187.30",,37.57%
在产,2020,STICKERS,NAIL STICKERS,已改FSC,NA198174,Nail Sticker,艾维尼童趣指甲贴-蓝色海洋,6170,2602,"￥5,490.22",3568,￥2.11,"￥7,528.48",$0.52,"$1,855.36","￥12,059.84",,37.57%
在产,2020,STICKERS,NAIL STICKERS,已改FSC,NA198175,Nail Sticker,艾维尼童趣指甲贴-水果乐园,6567,2999,"￥6,327.89",3568,￥2.11,"￥7,528.48",$0.52,"$1,855.36","￥12,059.84",,37.57%
在产,2020,STICKERS,NAIL STICKERS,已改FSC,NA198176,Nail Sticker Glitter,艾维尼童趣指甲贴-闪闪独角兽,4279,2662,"￥5,616.82",8617,￥2.11,"￥18,181.87",$0.52,"$4,480.84","￥29,125.46",,37.57%
在产,2020,STICKERS,NAIL STICKERS,已改FSC,NA198177,Nail Sticker Glitter,艾维尼童趣指甲贴-闪闪花朵,3978,3927,"￥8,285.97",7051,￥2.11,"￥14,877.61",$0.52,"$3,666.52","￥23,832.38",,37.57%
在产,2020,STICKERS,NAIL STICKERS,已改FSC,NA198178,Nail Sticker Glitter,艾维尼童趣指甲贴-闪闪动物,4142,3450,"￥7,279.50",7692,￥2.11,"￥16,230.12",$0.52,"$3,999.84","￥25,998.96",,37.57%
在产,2020,STICKERS,NAIL STICKERS,已改FSC,NA198179,Nail Sticker- Glow in dark,艾维尼童趣指甲贴-筑梦太空,6279,3194,"￥6,739.34",6085,￥2.11,"￥12,839.35",$0.52,"$3,164.20","￥20,567.30",,37.57%
在产,2020,STICKERS,NAIL STICKERS,已改FSC,NA198180,Nail Sticker- Fluorescent,艾维尼童趣指甲贴-美味甜品,5782,4693,"￥9,902.23",4089,￥2.11,"￥8,627.79",$0.52,"$2,126.28","￥13,820.82",,37.57%
在产,2020,STICKERS,NAIL STICKERS,已改FSC,NA198181,Nail Sticker- Fluorescent,艾维尼童趣指甲贴-海底世界,5306,4471,"￥9,433.81",6835,￥2.11,"￥14,421.85",$0.52,"$3,554.20","￥23,102.30",,37.57%
在产,2020,DISPLAY,Display  展架系统,,DP207266E（DP207279E）,Empty display of Small Nail Stickers,空小指甲贴展示盒（小纹身贴通用卡头不同）108/展,827,299,"￥3,647.80",528,￥12.20,"￥6,441.60",,$0.00,￥0.00,,#DIV/0!
在产,22AW,STICKERS,Tattoo Stickers 纹身贴,已改FSC,TS218144,Tattoo Sticker-Jungle Animal,艾维尼纹身贴-丛林动物（烫银）,2384,4794,"￥16,731.06",5260,￥3.49,"￥18,357.40",$0.94,"$4,944.40","￥32,138.60",,42.88%
在产,22AW,STICKERS,Tattoo Stickers 纹身贴,已改FSC,TS218145,Tattoo Sticker-Pegasus,艾维尼纹身贴-梦幻天马（烫金）,1910,2996,"￥10,456.04",6614,￥3.49,"￥23,082.86",$0.94,"$6,217.16","￥40,411.54",,42.88%
在产,22AW,STICKERS,Tattoo Stickers 纹身贴,已改FSC,TS218146,Tattoo Sticker-Sea Animal,艾维尼纹身贴-奇妙海洋（烫银）,816,2226,"￥7,768.74",5017,￥3.49,"￥17,509.33",$0.94,"$4,715.98","￥30,653.87",,42.88%
在产,22AW,STICKERS,Tattoo Stickers 纹身贴,已改FSC,TS218147,Tattoo Sticker-Space,艾维尼纹身贴-太空探险（烫金）,1000,2132,"￥7,440.68",5348,￥3.49,"￥18,664.52",$0.94,"$5,027.12","￥32,676.28",,42.88%
在产,22AW,STICKERS,Tattoo Stickers 纹身贴,已改FSC,TS218148,Tattoo Sticker-Pirate,艾维尼纹身贴-酷酷海盗（烫金）,963,4483,"￥15,645.67",5460,￥3.49,"￥19,055.40",$0.94,"$5,132.40","￥33,360.60",,42.88%
在产,22AW,STICKERS,Tattoo Stickers 纹身贴,已改FSC,TS218149,Tattoo Sticker-Dino,艾维尼纹身贴-萌趣恐龙（烫金）,2702,4200,"￥14,658.00",5672,￥3.49,"￥19,795.28",$0.94,"$5,331.68","￥34,655.92",,42.88%
在产,22AW,STICKERS,Tattoo Stickers 纹身贴,已改FSC,TS218150,Tattoo Sticker-Princess,艾维尼纹身贴-公主驾到（烫金）,1579,3288,"￥11,475.12",5861,￥3.49,"￥20,454.89",$0.94,"$5,509.34","￥35,810.71",,42.88%
在产,22AW,STICKERS,Tattoo Stickers 纹身贴,已改FSC,TS218151,Tattoo Sticker-Jewelry,艾维尼纹身贴-我的饰品（烫金）,392,3813,"￥13,307.37",5849,￥3.49,"￥20,413.01",$0.94,"$5,498.06","￥35,737.39",,42.88%
在产,22AW,STICKERS,Tattoo Stickers 纹身贴,已改FSC,TS218152,Tattoo Sticker-Robot,艾维尼纹身贴-机器人（烫金）,1500,3710,"￥12,947.90",4860,￥3.49,"￥16,961.40",$0.94,"$4,568.40","￥29,694.60",,42.88%
在产,22SS,STICKERS,Nail Stickers and Tattoos纹身指甲贴,已改FSC,NA218204,Nail Stickers and Tattoos -Mermaid,艾维尼指甲纹身贴套装-可爱美人鱼,378,4805,"￥47,233.15",10829,￥9.83,"￥106,449.07",$2.12,"$22,957.48","￥149,223.62",,28.66%
在产,22SS,STICKERS,Nail Stickers and Tattoos纹身指甲贴,已改FSC,NA218205,Nail Stickers and Tattoos -Unicorns,艾维尼指甲纹身贴套装-甜美独角兽,616,4130,"￥40,597.90",14670,￥9.83,"￥144,206.10",$2.12,"$31,100.40","￥202,152.60",,28.66%
在产,22SS,STICKERS,Nail Stickers and Tattoos纹身指甲贴,已改FSC,NA218206,Nail Stickers and Tattoos -Princess,艾维尼指甲纹身贴套装-公主来了,1527,4483,"￥44,067.89",9252,￥9.83,"￥90,947.16",$2.12,"$19,614.24","￥127,492.56",,28.66%
在产,22SS,STICKERS,Nail Stickers and Tattoos纹身指甲贴,已改FSC,NA218207,Nail Stickers and Tattoos-Flowers,艾维尼指甲纹身贴套装-花花世界,308,3048,"￥29,961.84",13028,￥9.83,"￥128,065.24",$2.12,"$27,619.36","￥179,525.84",,28.66%
在产,22SS,STICKERS,Nail Stickers and Tattoos纹身指甲贴,,NA218208,Nail Stickers and Tattoos -Christmas,艾维尼指甲纹身贴套装-圣诞快乐,46,1520,"￥14,941.60",528,￥9.83,"￥5,190.24",$2.12,"$1,119.36","￥7,275.84",,28.66%
在产,22SS,DISPLAY,Display  展架系统,,DP217384E（DP217379）,Empty display of Nail sticker and Tattoos,指甲纹身贴套装空展示盒（12pcs),187,-80,￥-689.60,422,￥8.62,"￥3,637.64",,$0.00,￥0.00,,#DIV/0!
在产,23SS,DISPLAY,Display  展架系统,,DP217384E-1(DP217379）,,艾维尼指甲纹身贴套装空展示盒（8pcs）,1172,548,"￥2,219.40",640,￥4.05,"￥2,592.00",,$0.00,￥0.00,,#DIV/0!
在产,2020,STICKERS,STICKER POCKETS 贴纸,已改FSC,TS198188,Sticker Pocket-Ocean,艾维尼口袋贴纸-蔚蓝深海（烫银）,1444,2991,"￥6,550.29",5453,￥2.19,"￥11,942.07",$0.52,"$2,835.56","￥18,431.14",,35.21%
在产,2020,STICKERS,STICKER POCKETS 贴纸,已改FSC,TS198189,Sticker Pocket-Farm,艾维尼口袋贴纸-粉红农场（金葱）,1451,3975,"￥8,705.25",4476,￥2.19,"￥9,802.44",$0.52,"$2,327.52","￥15,128.88",,35.21%
在产,2020,STICKERS,STICKER POCKETS 贴纸,已改FSC,TS198190,Sticker Pocket-Polar,艾维尼口袋贴纸-银色极地（烫银）,2230,2054,"￥4,498.26",4176,￥2.19,"￥9,145.44",$0.52,"$2,171.52","￥14,114.88",,35.21%
在产,2020,STICKERS,STICKER POCKETS 贴纸,已改FSC,TS198191,Sticker Pocket-Jungle,艾维尼口袋贴纸-灿金丛林（金葱）,3682,2506,"￥5,488.14",5176,￥2.19,"￥11,335.44",$0.52,"$2,691.52","￥17,494.88",,35.21%
在产,2020,STICKERS,STICKER POCKETS 贴纸,已改FSC,TS198192,Sticker Pocket-Unicorns,艾维尼口袋贴纸-五彩独角兽（烫银）,2801,4361,"￥9,550.59",5440,￥2.19,"￥11,913.60",$0.52,"$2,828.80","￥18,387.20",,35.21%
在产,2020,STICKERS,STICKER POCKETS 贴纸,已改FSC,TS198193,Sticker Pocket-Panda,艾维尼口袋贴纸-绿色竹林（金葱）,1424,3072,"￥6,727.68",5352,￥2.19,"￥11,720.88",$0.52,"$2,783.04","￥18,089.76",,35.21%
在产,2020,DISPLAY,Display  展架系统,,DP207273E（DP197101）,Empty display of Sticker Pocket,贴纸空展示盒+保护罩+卡头（12套/款*6款=72套/展示盒）（4展示盒/外箱）,289,213,"￥2,389.86",376,￥11.22,"￥4,218.72",,$0.00,￥0.00,,#DIV/0!
在产,2021,STICKERS,Diamond Art 闪闪钻石画,,CH201767,Diamond Art-Cat Masks,艾维尼闪闪钻石画-猫咪面具,3079,1333,"￥11,597.10",1746,￥8.70,"￥15,190.20",$2.07,"$3,614.22","￥23,492.43",,35.34%
待观察,2021,STICKERS,Diamond Art 闪闪钻石画,,CH201768,Diamond Art-Princess Masks,艾维尼闪闪钻石画-公主面具,2254,463,"￥4,028.10",1831,￥8.70,"￥15,929.70",$2.07,"$3,790.17","￥24,636.11",,35.34%
在产,23SS,STICKERS,Stick ‘N’ Play 立体拼贴画,FSC,CH221839,Stick ‘N’ Play-Safari Animals,艾维尼立体拼贴画-动物部落,2703,2353,"￥18,776.94",3458,￥7.98,"￥27,594.84",$2.00,"$6,916.00","￥44,954.00",,38.62%
在产,23SS,STICKERS,Stick ‘N’ Play 立体拼贴画,FSC,CH221840,Stick ‘N’ Play-Secret Garden,艾维尼立体拼贴画-春日花园,3135,3615,"￥28,847.70",2628,￥7.98,"￥20,971.44",$2.00,"$5,256.00","￥34,164.00",,38.62%
在产,23SS,STICKERS,Stick ‘N’ Play 立体拼贴画,FSC,CH221841,Stick ‘N’ Play-Dino World,艾维尼立体拼贴画-恐龙时代,2703,2331,"￥18,601.38",3456,￥7.98,"￥27,578.88",$2.00,"$6,912.00","￥44,928.00",,38.62%
在产,23SS,STICKERS,Stick ‘N’ Play 立体拼贴画,FSC,CH221842,Stick ‘N’ Play-Polar and Sea Animals,艾维尼立体拼贴画-海洋公主,2667,3327,"￥26,549.46",2448,￥7.98,"￥19,535.04",$2.00,"$4,896.00","￥31,824.00",,38.62%
在产,22SS,STICKERS,Create My First Story Book ,,CH211590,Create My First Story Book-Unicorns,艾维尼马赛克拼贴画-独角兽,3339,3800,"￥24,852.00",9249,￥6.54,"￥60,488.46",$1.37,"$12,671.13","￥82,362.35",,26.56%
在产,22SS,STICKERS,Create My First Story Book ,,CH211591,Create My First Story Book-Mermaid,艾维尼马赛克拼贴画-美人鱼,3940,2183,"￥14,276.82",5248,￥6.54,"￥34,321.92",$1.37,"$7,189.76","￥46,733.44",,26.56%
在产,2020,STICKERS,Create My First Story Book ,,CH191592,Create My First Story Book-Farm Animals,艾维尼马赛克拼贴画-农场动物,6022,3952,"￥25,846.08",5416,￥6.54,"￥35,420.64",$1.37,"$7,419.92","￥48,229.48",,26.56%
在产,2020,STICKERS,Create My First Story Book ,,CH191593,Create My First Story Book-Wild Animals,艾维尼马赛克拼贴画-森林动物,3442,1708,"￥11,170.32",8096,￥6.54,"￥52,947.84",$1.37,"$11,091.52","￥72,094.88",,26.56%
在产,2020,STICKERS,Create My First Story Book ,,CH191594,Create My First Story Book-Dinosaurs,艾维尼马赛克拼贴画-恐龙世界,2761,2757,"￥18,030.78",3384,￥6.54,"￥22,131.36",$1.37,"$4,636.08","￥30,134.52",,26.56%
在产,2020,STICKERS,Create My First Story Book ,,CH191595,Create My First Story Book-Cars,艾维尼马赛克拼贴画-汽车,4665,2638,"￥17,252.52",5344,￥6.54,"￥34,949.76",$1.37,"$7,321.28","￥47,588.32",,26.56%
停产在售,2020,STICKERS,MOSAIC ART KITS像素马赛克拼贴画,,CH191596 ,Pixelation Art-Transportation,艾维尼像素马赛克拼贴画-交通汽车,970,1351,"￥13,415.43",481,￥9.93,"￥4,776.33",$2.18,"$1,048.58","￥6,815.77",,29.92%
停产在售,2020,STICKERS,MOSAIC ART KITS像素马赛克拼贴画,,CH191597,Pixelation Art-Under the Sea,艾维尼像素马赛克拼贴画-海洋美人鱼,1443,923,"￥9,165.39",1056,￥9.93,"￥10,486.08",$2.18,"$2,302.08","￥14,963.52",,29.92%
停产在售,2020,STICKERS,MOSAIC ART KITS像素马赛克拼贴画,,CH191598,Pixelation Art-Space,艾维尼像素马赛克拼贴画-太空探险,1732,1015,"￥10,078.95",919,￥9.93,"￥9,125.67",$2.18,"$2,003.42","￥13,022.23",,29.92%
停产在售,2020,STICKERS,MOSAIC ART KITS像素马赛克拼贴画,,CH191599,Pixelation Art-Unicorn,艾维尼像素马赛克拼贴画-彩虹独角兽,854,25,￥248.25,1344,￥9.93,"￥13,345.92",$2.18,"$2,929.92","￥19,044.48",,29.92%
在产,23SS,WATER PAINTING,Magical Water Painting 水画本,FSC,CH221777,Magic water painting-Princesses,艾维尼3合1水画本-梦公主,2602,4889,"￥54,463.46",5827,￥11.14,"￥64,912.78",$2.50,"$14,567.50","￥94,688.75",,31.45%
在产,23SS,WATER PAINTING,Magical Water Painting 水画本,FSC,CH221778,Magic water painting-Unicorns,艾维尼3合1水画本-独角兽,2683,2283,"￥25,432.62",5514,￥11.14,"￥61,425.96",$2.50,"$13,785.00","￥89,602.50",,31.45%
在产,23SS,WATER PAINTING,Magical Water Painting 水画本,FSC,CH221779,Magic water painting-Riding&Flying,艾维尼3合1水画本-奇妙行,2995,4124,"￥45,941.36",3988,￥11.14,"￥44,426.32",$2.50,"$9,970.00","￥64,805.00",,31.45%
在产,22SS,WATER PAINTING,Magical Water Painting 水画本,已改FSC,CH211774,Magical Water Painting-4 Seasons,艾维尼3合1水画本-四季诗,5608,5911,"￥65,848.54",4715,￥11.14,"￥52,525.10",$2.50,"$11,787.50","￥76,618.75",,31.45%
在产,22SS,WATER PAINTING,Magical Water Painting 水画本,已改FSC,CH211775,Magical Water Painting-Underwater,艾维尼3合1水画本-海之歌,4845,4151,"￥46,242.14",3700,￥11.14,"￥41,218.00",$2.50,"$9,250.00","￥60,125.00",,31.45%
在产,22SS,WATER PAINTING,Magical Water Painting 水画本,已改FSC,CH211776,Magic water painting-Dinosaur,艾维尼3合1水画本-趣恐龙,7126,3479,"￥38,756.06",3638,￥11.14,"￥40,527.32",$2.50,"$9,095.00","￥59,117.50",,31.45%
在产,22SS,DISPLAY,Display  展架系统,,DP217385E（DP217380),Empty display of Magic water painting,3合1水画本空展示盒,116,809,"￥4,328.15",307,￥5.35,"￥1,642.45",,$0.00,￥0.00,,#DIV/0!
在产,23AW,WATER PAINTING,Magical Water Painting 水画本,FSC,CH221895,Magic Water Painting - Fantasy Garden and Animals,艾维尼4合1水画本-梦幻花园 FSC,,1117,"￥19,659.20",1871,￥17.60,"￥32,929.60",$3.75,"$7,016.25","￥45,605.63",,27.79%
在产,23AW,WATER PAINTING,Magical Water Painting 水画本,FSC,CH221896,Magic Water Painting - Animals,艾维尼4合1水画本-百变动物 FSC,,1045,"￥18,392.00",1943,￥17.60,"￥34,196.80",$3.75,"$7,286.25","￥47,360.63",,27.79%
在产,23AW,DISPLAY,Display  展架系统,,DP227495E（DP227493),Assorted PDQ - 9 pcs in total,艾维尼4合1水画本空展示盒,,874,"￥6,537.52",122,￥7.48,￥912.56,,$0.00,￥0.00,,#DIV/0!
停产在售,2020,ON THE GO,ON THE GO ACTIVITY BOOKS 随心玩手提本,已改FSC,CH191604,Scratch Book-Travel To the Magical World,艾维尼线圈刮画本-和独角兽去旅行,4509,2349,"￥28,916.19",2472,￥12.31,"￥30,430.32",$2.60,"$6,427.20","￥41,776.80",,27.16%
停产在售,2021,ON THE GO,ON THE GO ACTIVITY BOOKS 随心玩手提本,,CH201741,Colouring Activity Book-Jungle,艾维尼3合1旅行手提本-丛林探险,2188,790,"￥10,807.20",1370,￥13.68,"￥18,741.60",$2.60,"$3,562.00","￥23,153.00",,19.05%
停产在售,2021,DISPLAY,Display  展架系统,,DP207253E(DP207236),"线圈刮画本空展示盒+卡头+保护罩,加上两款刮画线圈本，共10套/展，2展/箱.",线圈刮画本空展示盒（DP207236）,307,253,"￥2,464.22",54,￥9.74,￥525.96,,$0.00,￥0.00,,#DIV/0!
在产,22SS,ORIGAMI,Origami 折纸艺术,FSC,CH211786,"Level 1-
Origami -Create My Own Pets",艾维尼折纸-我的萌趣宠物园 1阶,12544,10420,"￥132,334.00",2120,￥12.70,"￥26,924.00",$2.60,"$5,512.00","￥35,828.00",,24.85%
在产,22AW,ORIGAMI,Origami 折纸艺术,FSC,CH211809,"Level 1-
Origami -Create My Own Ocean",艾维尼折纸-我的海底两万里 1阶,3413,2368,"￥30,073.60",1169,￥12.70,"￥14,846.30",$2.60,"$3,039.40","￥19,756.10",,24.85%
在产,23SS,ORIGAMI,Origami 折纸艺术,FSC,CH221810,"Level 2-
Origami -Create My Own Dino World",艾维尼折纸-我的冒险恐龙岛 2阶,4084,2956,"￥37,541.20",1252,￥12.70,"￥15,900.40",$2.60,"$3,255.20","￥21,158.80",,24.85%
在产,22SS,ORIGAMI,Origami 折纸艺术,FSC,CH211785,"Level 2-
Origami -Create My Own Zoo",艾维尼折纸-我的奇妙动物园 2阶,10398,8110,"￥102,997.00",2284,￥12.70,"￥29,006.80",$2.60,"$5,938.40","￥38,599.60",,24.85%
在产,2020,ORIGAMI,Origami 折纸艺术,FSC,CH201769,"Level 3-
Origami-Create my own airport",艾维尼折纸-我的童年飞行梦 3阶,10216,8560,"￥108,712.00",1652,￥12.70,"￥20,980.40",$2.60,"$4,295.20","￥27,918.80",,24.85%
在产,23AW,ORIGAMI,Origami 折纸艺术,FSC,CH221811,"Level 3-
Origami - Create My Own Unicorn World",艾维尼折纸-我的独角兽乐园 3阶 FSC,,1399,"￥17,767.30",1581,￥12.70,"￥20,078.70",$2.60,"$4,110.60","￥26,718.90",,24.85%
在产,23AW,DISPLAY,Display  展架系统,,DP227494E（DP227492）,Origami assorted display 6 items 1 pcs each,艾维尼折纸空展示盒,,352,￥0.00,644,,￥0.00,,$0.00,￥0.00,,#DIV/0!
待观察,2020,PUZZLE,Puzzles  耳朵拼图,已改FSC,PZ195048,Puzzle-Polar ,艾维尼动物耳朵拼图-北极熊,1057,692,"￥8,829.92",412,￥12.76,"￥5,257.12",$2.71,"$1,116.52","￥7,257.38",,27.56%
待观察,2020,PUZZLE,Puzzles  耳朵拼图,已改FSC,PZ195049,Puzzle-Jungle,艾维尼动物耳朵拼图-老虎,717,307,"￥3,917.32",437,￥12.76,"￥5,576.12",$2.71,"$1,184.27","￥7,697.76",,27.56%
待观察,2020,PUZZLE,Puzzles  耳朵拼图,已改FSC,PZ195050,Puzzle-Panda,艾维尼动物耳朵拼图-大熊猫,1053,548,"￥6,992.48",484,￥12.76,"￥6,175.84",$2.71,"$1,311.64","￥8,525.66",,27.56%
待观察,2020,PUZZLE,Puzzles  耳朵拼图,已改FSC,PZ195051,Puzzle-Unicorn,艾维尼动物耳朵拼图-独角兽,1332,956,"￥12,198.56",412,￥12.76,"￥5,257.12",$2.71,"$1,116.52","￥7,257.38",,27.56%
待观察,2020,PUZZLE,Puzzles  耳朵拼图,已改FSC,PZ195052,Puzzle-Ocean,艾维尼动物耳朵拼图-独角鲸,672,356,"￥4,542.56",412,￥12.76,"￥5,257.12",$2.71,"$1,116.52","￥7,257.38",,27.56%
待观察,2020,PUZZLE,Puzzles  耳朵拼图,已改FSC,PZ195053,Puzzle-Farm,艾维尼动物耳朵拼图-农场,1057,668,"￥8,523.68",412,￥12.76,"￥5,257.12",$2.71,"$1,116.52","￥7,257.38",,27.56%
待观察,2020,DISPLAY,Puzzles  耳朵拼图,,DP197085,Puzzle Assorted Carton display 6 assorted,艾维尼动物耳朵拼图展示盒X6,-2,0,￥0.00,0,￥73.38,￥0.00,,$0.00,￥0.00,,#DIV/0!
待观察,2020,DISPLAY,Display  展架系统,,DP207269E,Empty display of  Puzzle,耳朵拼图空展示盒,61,5,￥21.85,4,￥4.37,￥17.48,,$0.00,￥0.00,,#DIV/0!
停产在售,2020,PUZZLE,WOODEN TOUCH PUZZLE触摸拼图,,PZ195057,Wooden Touch puzzle-Dinosaurs,艾维尼触摸拼图-亲子恐龙,624,197,"￥4,858.02",313,￥24.66,"￥7,718.58",$3.90,"$1,220.70","￥7,934.55",,2.72%
停产在售,2020,PUZZLE,WOODEN TOUCH PUZZLE触摸拼图,,PZ195058,Wooden Touch puzzle-Jungle,艾维尼触摸拼图-亲子动物,164,-144,"￥-3,551.04",372,￥24.66,"￥9,173.52",$3.90,"$1,450.80","￥9,430.20",,2.72%
停产在售,2020,PUZZLE,WOODEN TOUCH PUZZLE触摸拼图,,PZ195059,Wooden Touch puzzle-Farm,艾维尼触摸拼图-亲子农场,690,330,"￥8,137.80",444,￥24.66,"￥10,949.04",$3.90,"$1,731.60","￥11,255.40",,2.72%
停产在售,2020,PUZZLE,WOODEN TOUCH PUZZLE触摸拼图,,PZ195060,Wooden Touch puzzle-Under the Sea,艾维尼触摸拼图-亲子海洋动物,912,402,"￥9,913.32",468,￥24.66,"￥11,540.88",$3.90,"$1,825.20","￥11,863.80",,2.72%
待观察,2021,3D DECORATION,3D Decoration 3D立体拼插挂饰,FSC,PZ205061,3D Decoration - Bear,艾维尼3D立体拼插挂饰-小熊,1860,924,"￥7,068.60",1014,￥7.65,"￥7,757.10",$1.65,"$1,673.10","￥10,875.15",,28.67%
待观察,2021,3D DECORATION,3D Decoration 3D立体拼插挂饰,FSC,PZ205062,3D Decoration - Bunny,艾维尼3D立体拼插挂饰-小兔子,2490,1536,"￥11,750.40",1122,￥7.65,"￥8,583.30",$1.65,"$1,851.30","￥12,033.45",,28.67%
待观察,2021,3D DECORATION,3D Decoration 3D立体拼插挂饰,FSC,PZ205063,3D Decoration - Panda,艾维尼3D立体拼插挂饰-熊猫,2340,1392,"￥10,648.80",1122,￥7.65,"￥8,583.30",$1.65,"$1,851.30","￥12,033.45",,28.67%
待观察,2021,3D DECORATION,3D Decoration 3D立体拼插挂饰,FSC,PZ205064,3D Decoration - Fox,艾维尼3D立体拼插挂饰-小狐狸,2106,1104,"￥8,445.60",1122,￥7.65,"￥8,583.30",$1.65,"$1,851.30","￥12,033.45",,28.67%
待观察,2021,3D DECORATION,3D Decoration 3D立体拼插挂饰,FSC,PZ205065,3D Decoration - Koala,艾维尼3D立体拼插挂饰-小考拉,2522,1536,"￥11,750.40",1086,￥7.65,"￥8,307.90",$1.65,"$1,791.90","￥11,647.35",,28.67%
待观察,2021,3D DECORATION,3D Decoration 3D立体拼插挂饰,FSC,PZ205066,3D Decoration - Deer,艾维尼3D立体拼插挂饰-小鹿,2113,1068,"￥8,170.20",1050,￥7.65,"￥8,032.50",$1.65,"$1,732.50","￥11,261.25",,28.67%
待观察,2021,DISPLAY,Display  展架系统,,DP207249E（DP207215）,Empty display of 3D Decoration,艾维尼3D立体拼插挂饰空展示盒,125,40,￥328.80,182,￥8.22,"￥1,496.04",,$0.00,￥0.00,,#DIV/0!
在产,22AW,3D DECORATION,3D Decoration 3D立体拼插挂饰,FSC,PZ215067,3D Decoration-Bird,艾维尼3D立体拼插挂饰-花花飞鸟,2541,877,"￥10,322.29",1760,￥11.77,"￥20,715.20",$2.50,"$4,400.00","￥28,600.00",,27.57%
在产,22AW,3D DECORATION,3D Decoration 3D立体拼插挂饰,FSC,PZ215068,3D Decoration-Butterfly,艾维尼3D立体拼插挂饰-花花蝴蝶,2385,550,"￥6,473.50",1921,￥11.77,"￥22,610.17",$2.50,"$4,802.50","￥31,216.25",,27.57%
在产,22AW,3D DECORATION,3D Decoration 3D立体拼插挂饰,FSC,PZ215069,3D Decoration-Pegasus,艾维尼3D立体拼插挂饰-花花天马,2585,978,"￥11,511.06",1686,￥11.77,"￥19,844.22",$2.50,"$4,215.00","￥27,397.50",,27.57%
在产,22AW,3D DECORATION,3D Decoration 3D立体拼插挂饰,FSC,PZ215070,3D Decoration-Cat,艾维尼3D立体拼插挂饰-花花猫咪,2505,977,"￥11,499.29",1614,￥11.77,"￥18,996.78",$2.50,"$4,035.00","￥26,227.50",,27.57%
在产,22AW,DISPLAY,Display  展架系统,,DP217424E,Empty display of 3D Decoration（Big),艾维尼3D立体拼插挂饰空展示盒,710,524,"￥1,755.40",186,￥3.35,￥623.10,,$0.00,￥0.00,,#DIV/0!
停产在售,2019,GIFTBOX,GIFT BOX 礼品盒,,CH1688,Craft Kit - Cross Stitch Bird Forest,艾维尼穿绳礼盒-丛林之鸟,828,308,"￥3,295.60",520,￥10.70,"￥5,564.00",$1.60,$832.00,"￥5,408.00",,-2.88%
停产在售,2019,GIFTBOX,GIFT BOX 礼品盒,,CH1689,Craft Kit- Sand & Pom Pom Art  Fox and Sloth,艾维尼Pom Pom球&沙画礼盒-狐狸和树懒,1012,1012,"￥13,409.00",0,￥13.25,￥0.00,$1.60,$0.00,￥0.00,,#DIV/0!
停产在售,2020,STRING ART ,STRING ART 绕线画艺术,,CH191710,String Art-Unicorns,艾维尼彩虹绕线画-独角兽,1414,1158,"￥17,902.68",256,￥15.46,"￥3,957.76",$2.37,$606.72,"￥3,943.68",,-0.36%
停产在售,2019,STRING ART ,STRING ART 绕线画艺术,,CH191709,String Art-Pandas,艾维尼彩虹绕线画-大熊猫,170,154,"￥2,380.84",16,￥15.46,￥247.36,$2.37,$37.92,￥246.48,,-0.36%
停产在售,2019,STRING ART ,STRING ART 绕线画艺术,,CH191711,String Art-Rockets,艾维尼彩虹绕线画-火箭,976,976,"￥15,088.96",0,￥15.46,￥0.00,$2.37,$0.00,￥0.00,,#DIV/0!
停产在售,2020,STRING ART ,STRING ART 绕线画艺术,,CH191712,String Art-Dreamcatchers,艾维尼彩虹绕线画-捕梦网,862,672,"￥10,389.12",304,￥15.46,"￥4,699.84",$2.37,$720.48,"￥4,683.12",,-0.36%
停产在售,2021,QUILING ART,MY FIRST QUILING ART 衍纸艺术,,CH201743,My First Quilling Art-Unicorn,艾维尼我的第一套衍纸艺术 - 甜美独角兽,2636,187,"￥2,412.30",2304,￥12.90,"￥29,721.60",$2.12,"$4,884.48","￥31,749.12",,6.39%
停产在售,2021,QUILING ART,MY FIRST QUILING ART 衍纸艺术,,CH201744,My First Quilling Art-Little bugs,艾维尼我的第一套衍纸艺术 - 小小昆虫,2496,1846,"￥23,813.40",784,￥12.90,"￥10,113.60",$2.12,"$1,662.08","￥10,803.52",,6.39%
停产在售,2021,DISPLAY,Display  展架系统,,DP207252E（DP207239）,Empty Display of My First Quilling Art,艾维尼我的第一套衍纸艺术空展示盒无卡头无保护罩,591,524,"￥2,714.32",16,￥5.18,￥82.88,,$0.00,￥0.00,,#DIV/0!
停产在售,2021,QUILING ART,MY FIRST QUILING ART 衍纸艺术,,CH201745,Quilling Paper,艾维尼衍纸纸张,4332,4260,"￥12,865.20",72,￥3.02,￥217.44,$0.45,$32.40,￥210.60,,-3.25%
停产在售,2021,QUILING ART,MY FIRST QUILING ART 衍纸艺术,,CH201746,Quilling  Tools,艾维尼衍纸工具,636,636,"￥4,464.72",0,￥7.02,￥0.00,$1.06,$0.00,￥0.00,,#DIV/0!
停产在售,2021,DISPLAY,Display  展架系统,,DP207287E（DP207240）,Empty Display of Quilling Paper,艾维尼衍纸纸张 空展示盒+卡头+保护罩,569,569,"￥3,630.22",0,￥6.38,￥0.00,,$0.00,￥0.00,,#DIV/0!
停产在售,2021,DISPLAY,Display  展架系统,,DP207288E（DP207277）,Empty Display of Quilling Tool,艾维尼衍纸工具 空展示盒+卡头+保护罩,569,569,"￥3,630.22",0,￥6.38,￥0.00,,$0.00,￥0.00,,#DIV/0!
停产在售,2021,DESIGN AND DRESS UP,Design and Dress Up 涂鸦与装扮,,CH201770,Design and Dress Up-Fantastic Unicorn,艾维尼涂鸦与装扮-梦幻独角兽,3683,2448,"￥69,474.24",1309,￥28.38,"￥37,149.42",$5.61,"$7,343.49","￥47,732.69",,22.17%
停产在售,2021,DESIGN AND DRESS UP,Design and Dress Up 涂鸦与装扮,,CH201771,Design and Dress Up-Magic Dragon,艾维尼涂鸦与装扮-神秘喷火龙,2128,1758,"￥51,087.48",360,￥29.06,"￥10,461.60",$5.61,"$2,019.60","￥13,127.40",,20.31%
在产,23AW,4 IN 1,4 in 1 Unicorn Craft Kit 4合1独角兽手工盒,FSC,CH221773,4 in 1 Dinosaur Craft Kit- Make 13 Amazing Dino projects,艾维尼4合1恐龙手工盒 FSC,,4043,"￥119,268.50",1939,￥29.50,"￥57,200.50",$6.50,"$12,603.50","￥81,922.75",,30.18%
在产,2021,4 IN 1,4 in 1 Unicorn Craft Kit 4合1独角兽手工盒,,CH201772,4 in 1 Unicorn Craft Kit,艾维尼4合1独角兽手工盒-创作9个精灵独角兽,3229,3493,"￥108,108.35",2810,￥30.95,"￥86,969.50",$6.50,"$18,265.00","￥118,722.50",,26.75%
停产在售,2021,THE MOLE FAMILY,The Mole Family 摩尔家族,,CH201760,My First Sewing Box-Learn To Sew with The Mole Family,艾维尼摩尔奶奶教你学缝制,2076,2076,"￥74,756.76",0,￥36.01,￥0.00,$5.72,$0.00,￥0.00,,#DIV/0!
停产在售,2021,THE MOLE FAMILY,The Mole Family 摩尔家族,,CH201761,My First Scratch Box-Go Picnic with The Mole Family,艾维尼和摩尔家族去野餐,1848,1848,"￥68,505.36",0,￥37.07,￥0.00,$5.72,$0.00,￥0.00,,#DIV/0!
停产在售,2020,ART,CRAYON快干蜡笔（兴达）,,BTS196009,Paint Sticks-（Regular 12 colours）,艾维尼12色速干颜料棒,2167,1800,"￥23,922.00",336,￥13.29,"￥4,465.44",$3.12,"$1,048.32","￥6,814.08",,34.47%
停产在售,2020,ART,CRAYON快干蜡笔（兴达）,,BTS196010,Paint Sticks-（Regular 6 colours）,艾维尼6色速干颜料棒,2551,2256,"￥16,626.72",144,￥7.37,"￥1,061.28",$1.56,$224.64,"￥1,460.16",,27.32%
停产在售,2020,ART,CRAYON快干蜡笔（兴达）,,BTS196011,Paint Sticks-（ metallic 6 colours）,艾维尼6色珠光色速干颜料棒,2318,1968,"￥14,504.16",192,￥7.37,"￥1,415.04",$1.56,$299.52,"￥1,946.88",,27.32%
停产在售,2020,DISPLAY,Display  展架系统,,DP207280E（DP197102）,Empty Display of 6 Colours Paint Sticks,艾维尼快干蜡笔6色空展示盒,135,192,"￥3,123.84",8,￥16.27,￥130.16,,$0.00,￥0.00,,#DIV/0!
停产在售,2020,ART,CRAYON 丝滑蜡笔,,BTS196001,Silky Crayon-Fox,艾维尼丝滑蜡笔-小狐狸,727,509,"￥8,423.95",237,￥16.55,"￥3,922.35",$2.62,$620.94,"￥4,036.11",,2.82%
停产在售,2020,ART,CRAYON 丝滑蜡笔,,BTS196002,Silky Crayon-Lion,艾维尼丝滑蜡笔-小狮子,19,716,"￥11,849.80",284,￥16.55,"￥4,700.20",$3.28,$931.52,"￥6,054.88",,22.37%
停产在售,2020,ART,CRAYON 丝滑蜡笔,,BTS196003,Silky Crayon-Polar Bear,艾维尼丝滑蜡笔-北极熊,425,348,"￥5,759.40",92,￥16.55,"￥1,522.60",$2.62,$241.04,"￥1,566.76",,2.82%
停产在售,2020,ART,CRAYON 丝滑蜡笔,,BTS196004,Silky Crayon-Unicorn,艾维尼丝滑蜡笔-独角兽,922,545,"￥9,019.75",382,￥16.55,"￥6,322.10",$3.28,"$1,252.96","￥8,144.24",,22.37%
停产在售,2020,ART,CRAYON 丝滑蜡笔,,BTS196005,Silky Crayon-Toucan,艾维尼丝滑蜡笔-大嘴鸟,353,1332,"￥22,044.60",68,￥16.55,"￥1,125.40",$2.62,$178.16,"￥1,158.04",,2.82%
停产在售,2020,ART,CRAYON 丝滑蜡笔,,BTS196006,Silky Crayon-Bunny,艾维尼丝滑蜡笔-小兔子,583,460,"￥7,613.00",116,￥16.55,"￥1,919.80",$3.28,$380.48,"￥2,473.12",,22.37%
停产在售,2020,DISPLAY,Display  展架系统,,DP207271E（DP197098）,Empty Display of 12 Colours Silky Crayons,艾维尼丝滑蜡笔12色空展示盒,160,12,￥72.00,112,￥6.00,￥672.00,,$0.00,￥0.00,,#DIV/0!
停产在售,2020,ART,CRAYON 丝滑蜡笔,,BTS196007,Silky Crayon（6 colours）,艾维尼丝滑蜡笔（6色布袋装）,2204,2160,"￥20,628.00",96,￥9.55,￥916.80,$1.73,$166.08,"￥1,079.52",,15.07%
停产在售,2020,DISPLAY,Display  展架系统,,DP207272E（DP197099）,Empty Display of 6 Colours Silky Crayons,艾维尼丝滑蜡笔6色空展示盒,1056,1056,"￥9,113.28",0,￥8.63,￥0.00,,$0.00,￥0.00,,#DIV/0!
停产在售,22AW,ART,CRAYON 创意蜡笔,,BTS216017,Crayon Activity Kit-4 Seasons Fun,艾维尼创意蜡笔套装-春夏秋冬,3928,3435,"￥42,010.05",509,￥12.23,"￥6,225.07",$2.50,"$1,272.50","￥8,271.25",,24.74%
停产在售,22AW,ART,CRAYON 创意蜡笔,,BTS216018,Crayon Activity Kit-Forest Concert,艾维尼创意蜡笔套装-森林音乐会,2476,2128,"￥26,025.44",412,￥12.23,"￥5,038.76",$2.50,"$1,030.00","￥6,695.00",,24.74%
停产在售,22AW,ART,CRAYON 创意蜡笔,,BTS216019,Crayon Activity Kit-Treehouse Fun,艾维尼创意蜡笔套装-小小树屋,1923,1463,"￥17,892.49",524,￥12.23,"￥6,408.52",$2.50,"$1,310.00","￥8,515.00",,24.74%
停产在售,22AW,ART,CRAYON 创意蜡笔,,BTS216020,Crayon Activity Kit-Go Picnic,艾维尼创意蜡笔套装-去野餐呀,4043,3663,"￥44,798.49",412,￥12.23,"￥5,038.76",$2.50,"$1,030.00","￥6,695.00",,24.74%
停产在售,22AW,DISPLAY,Display  展架系统,,DP217425E,Empty display of Crayon Activity Kit,艾维尼创意蜡笔套装空展示盒,167,222,￥710.40,38,￥3.20,￥121.60,,$0.00,￥0.00,,#DIV/0!
停产在售,22SS,ART,CRAYON 积木蜡笔,FSC,BTS216013,Block "N" Crayons - Traffic,艾维尼益智积木蜡笔-交通工具,4486,4198,"￥63,809.60",288,￥15.20,"￥4,377.60",$3.25,$936.00,"￥6,084.00",,28.05%
停产在售,22SS,ART,CRAYON 积木蜡笔,FSC,BTS216014,Block "N" Crayons -Dinosaur,艾维尼益智积木蜡笔-恐龙世界,4384,4264,"￥64,812.80",120,￥15.20,"￥1,824.00",$3.25,$390.00,"￥2,535.00",,28.05%
停产在售,22SS,ART,CRAYON 积木蜡笔,FSC,BTS216015,Block "N" Crayons -Space,艾维尼益智积木蜡笔-探索太空,3070,2974,"￥45,204.80",96,￥15.20,"￥1,459.20",$3.25,$312.00,"￥2,028.00",,28.05%
停产在售,22SS,ART,CRAYON 积木蜡笔,FSC,BTS216016,Block "N" Crayons - Construction,艾维尼益智积木蜡笔-城市建筑,3454,3334,"￥50,676.80",120,￥15.20,"￥1,824.00",$3.25,$390.00,"￥2,535.00",,28.05%
停产在售,22SS,DISPLAY,Display  展架系统,,DP217386E（DP217377）,Empty display of Blocks‘N'Crayons,艾维尼益智积木蜡笔 空展示盒,998,998,"￥5,748.48",0,￥5.76,￥0.00,,$0.00,￥0.00,,#DIV/0!
停产在售,2021,STAMP AND MATCH,Stamp and Match创意木质印章,已改FSC,CH201763,Stamp and Match-Create Dinosaurs,艾维尼DIY创意木制印章-恐龙世界,5889,5408,"￥87,934.08",481,￥16.26,"￥7,821.06",$3.38,"$1,625.78","￥10,567.57",,25.99%
停产在售,2021,STAMP AND MATCH,Stamp and Match创意木质印章,已改FSC,CH201764,Stamp and Match-Create Little Bugs,艾维尼DIY创意木制印章-昆虫世界,3061,2745,"￥44,633.70",408,￥16.26,"￥6,634.08",$3.38,"$1,379.04","￥8,963.76",,25.99%
停产在售,2021,STAMP AND MATCH,Stamp and Match创意木质印章,已改FSC,CH201765,Stamp and Match-Create Vehicles,艾维尼DIY创意木制印章-车车世界,3854,3446,"￥56,031.96",408,￥16.26,"￥6,634.08",$3.38,"$1,379.04","￥8,963.76",,25.99%
停产在售,2021,STAMP AND MATCH,Stamp and Match创意木质印章,已改FSC,CH201766,Stamp and Match-Create Pets,艾维尼DIY创意木制印章-宠物世界,5998,5566,"￥90,503.16",432,￥16.26,"￥7,024.32",$3.38,"$1,460.16","￥9,491.04",,25.99%
停产在售,2021,DISPLAY,Display  展架系统,,DP207291E（DP207290）,Empty display of Stamp and Match,艾维尼DIY创意木制印章空展示盒,817,790,"￥5,135.00",18,￥6.50,￥117.00,,$0.00,￥0.00,,#DIV/0!
停产在售,2019,STICKERS,Magnetic Wall Chalkboard磁力墙贴,,CH191735,Magnetic Wall Chalkboard-Unicorn,艾维尼磁力墙贴-甜美独角兽,516,372,"￥11,379.48",84,￥30.59,"￥2,569.56",$4.16,$349.44,"￥2,271.36",,-13.13%
停产在售,2019,STICKERS,Magnetic Wall Chalkboard磁力墙贴,,CH191736,Magnetic Wall Chalkboard-Tiger,艾维尼磁力墙贴-英俊小老虎,450,154,"￥4,689.30",240,￥30.45,"￥7,308.00",$4.16,$998.40,"￥6,489.60",,-12.61%
待观察,23AW,CRAFT PLAY BOX,CRAFT PLAY BOX,FSC,CH221576,Craft Play Box - Sewing My Animal Friends（英文版）,艾维尼3合1缝制并肩同行的好朋友（英文版）,,560,"￥19,320.00",440,￥34.50,"￥15,180.00",$7.50,"$3,300.00","￥21,450.00",,29.23%
在产,23AW,CRAFT PLAY BOX,CRAFT PLAY BOX,,CH221447,Craft 'N' Play Box - Scratch,艾维尼多多益趣手工盒-扭扭棒动物刮画,,0,￥0.00,0,￥90.72,￥0.00,$20.00,$0.00,￥0.00,,#DIV/0!
在产,2023,DISPLAY,Display  展架系统,,CH231468E（CH221447）,,刮画牛皮纸披萨盒（空）+围卡+说明书,,,￥0.00,,￥9.29,￥0.00,,$0.00,￥0.00,,#DIV/0!
待观察,23AW,CRAFT PLAY BOX,CRAFT PLAY BOX,,CH221448,Craft 'N' Play Box - Lacing,艾维尼多多益趣手工盒-穿绳动物朋友,,0,￥0.00,0,,￥0.00,$20.00,$0.00,￥0.00,,#DIV/0!
在产,23SS,CRAFT PLAY BOX,CRAFT PLAY BOX,,CH221575,Craft Box - The Year of Rabbit,心花兔放手工艺术盒,776,686,"￥20,442.80",60,￥29.80,"￥1,788.00",,$0.00,￥0.00,,#DIV/0!
在产,2020,DISPLAY,Display  展架系统,,DP197090E（客定转）,JRK客人展架 FSDU,纸质展架15合1DISPLAY,201,181,"￥31,675.00",20,￥175.00,"￥3,500.00",,$0.00,￥0.00,,#DIV/0!
在产,2020,DISPLAY,Display  展架系统,,DP197080E（DP217294）,Empty Wooden Display,层面展示架(矮卡头）,49,48,"￥18,960.00",1,￥395.00,￥395.00,,$0.00,￥0.00,,#DIV/0!
在产,2020,DISPLAY,Display  展架系统,,DP217395E,Empty Wooden Display with Hook,四面原色木制展架带挂钩,30,6,"￥2,688.00",45,￥448.00,"￥20,160.00",,$0.00,￥0.00,,#DIV/0!
在产,2020,POS,GIFT BAG,,DP207169E,carry bag（large size）,手提袋（大）,1995,1995,"￥7,640.85",0,￥3.83,￥0.00,,$0.00,￥0.00,,#DIV/0!
在产,2020,POS,GIFT BAG,,DP207168E,carry bag（small size）,手提袋（小）,1745,1745,"￥6,421.60",0,￥3.68,￥0.00,,$0.00,￥0.00,,#DIV/0!
在产,2022,POS,GIFT BAG,,DP227166E,Cotton carry bag（large size）,艾维尼帆布袋（32*35CM）,300,300,"￥1,740.00",0,￥5.80,￥0.00,,$0.00,￥0.00,,#DIV/0!
在产,2022,POS,GIFT BAG,,DP227167E,Cotton carry bag（small size）,艾维尼帆布袋（23*25CM）,200,150,￥675.00,0,￥4.50,￥0.00,,$0.00,￥0.00,,#DIV/0!
在产,2023,DISPLAY,Display  展架系统,,DP227498E,Wooden Floor Display-Empty,旋转落地式MDF展架-空-33挂钩,,31,￥0.00,28,,￥0.00,,$0.00,￥0.00,,#DIV/0!
在产,2023,DISPLAY,Display  展架系统,,DP227498E-AV,Wooden Floor Display-Empty,旋转落地式MDF展架(AVENIR)-空-24挂钩,,60,￥0.00,40,,￥0.00,,$0.00,￥0.00,,#DIV/0!
停产在售,,STICKERS,Tattoo Sticker 纹身贴,,69589（TS198138),闪光纹身贴（小）,闪光纹身贴（小）,359,0,￥0.00,359,￥2.00,￥718.00,$0.28,$100.52,￥653.38,,-9.89%
停产在售,,STICKERS,Tattoo Sticker 纹身贴,,69590（TS198139),闪光纹身贴（小）,闪光纹身贴（小）,1480,1479,"￥2,958.00",1,￥2.00,￥2.00,$0.28,$0.28,￥1.82,,-9.89%
停产在售,,STICKERS,Tattoo Sticker 纹身贴,,69591（TS198140),闪光纹身贴（小）,闪光纹身贴（小）,976,0,￥0.00,976,￥2.00,"￥1,952.00",$0.28,$273.28,"￥1,776.32",,-9.89%
停产在售,,STICKERS,Tattoo Sticker 纹身贴,,69592（TS198141),闪光纹身贴（小）,闪光纹身贴（小）,1499,1498,"￥2,996.00",1,￥2.00,￥2.00,$0.28,$0.28,￥1.82,,-9.89%
停产在售,,STICKERS,Tattoo Sticker 纹身贴,,69463（TS198143),普通纹身贴（小）,普通纹身贴（小）,1470,1469,"￥2,541.37",1,￥1.73,￥1.73,$0.23,$0.23,￥1.50,,-15.72%
停产在售,,STICKERS,Tattoo Sticker 纹身贴,,69451（TS198044),闪光纹身贴（小）,闪光纹身贴（小）,1488,1487,"￥2,974.00",1,￥2.00,￥2.00,$0.28,$0.28,￥1.82,,-9.89%
停产在售,,STICKERS,Tattoo Sticker 纹身贴,,69453（TS198045),闪光纹身贴（小）,闪光纹身贴（小）,1270,1269,"￥2,538.00",1,￥2.00,￥2.00,$0.28,$0.28,￥1.82,,-9.89%
停产在售,,STICKERS,Tattoo Sticker 纹身贴,,69456（TS198046),闪光纹身贴（小）,闪光纹身贴（小）,1090,1089,"￥2,178.00",1,￥2.00,￥2.00,$0.28,$0.28,￥1.82,,-9.89%
停产在售,,STICKERS,Tattoo Sticker 纹身贴,,69460（TS198047),闪光纹身贴（小）,闪光纹身贴（小）,1380,1379,"￥2,758.00",1,￥2.00,￥2.00,$0.28,$0.28,￥1.82,,-9.89%
停产在售,,STICKERS,Tattoo Sticker 纹身贴,,69461（TS198048),闪光纹身贴（小）,闪光纹身贴（小）,936,935,"￥1,870.00",1,￥2.00,￥2.00,$0.28,$0.28,￥1.82,,-9.89%
停产在售,,STICKERS,Tattoo Sticker 纹身贴,,69305（TS8025),闪光纹身贴（小）,闪光纹身贴（小）,894,756,"￥1,512.00",138,￥2.00,￥276.00,$0.28,$38.64,￥251.16,,-9.89%
停产在售,,STICKERS,Tattoo Sticker 纹身贴,,69306（TS8026),闪光纹身贴（小）,闪光纹身贴（小）,1018,1017,"￥2,034.00",1,￥2.00,￥2.00,$0.28,$0.28,￥1.82,,-9.89%
停产在售,,STICKERS,Tattoo Sticker 纹身贴,,69308（TS8027),闪光纹身贴（小）,闪光纹身贴（小）,698,697,"￥1,394.00",1,￥2.00,￥2.00,$0.28,$0.28,￥1.82,,-9.89%
停产在售,,STICKERS,Tattoo Sticker 纹身贴,,69309（TS8028),纹身贴,纹身贴,1880,1879,"￥3,419.78",1,￥1.82,￥1.82,$0.28,$0.28,￥1.82,,0.00%
停产在售,,STICKERS,Tattoo Sticker 纹身贴,,69310（TS8029),闪光纹身贴（小）,闪光纹身贴（小）,1600,1599,"￥3,198.00",1,￥2.00,￥2.00,$0.28,$0.28,￥1.82,,-9.89%
停产在售,,STICKERS,Tattoo Sticker 纹身贴,,69312（TS8030),闪光纹身贴（小）,闪光纹身贴（小）,1440,1439,"￥2,878.00",1,￥2.00,￥2.00,$0.28,$0.28,￥1.82,,-9.89%
停产在售,,STICKERS,Tattoo Sticker 纹身贴,,69313（TS8031),闪光纹身贴（小）,闪光纹身贴（小）,1997,1996,"￥3,992.00",1,￥2.00,￥2.00,$0.28,$0.28,￥1.82,,-9.89%
停产在售,,STICKERS,Tattoo Sticker 纹身贴,,69314（TS8032),纹身贴,纹身贴,800,799,"￥1,685.89",1,￥2.11,￥2.11,$0.28,$0.28,￥1.82,,-15.93%
停产在售,,STICKERS,Tattoo Sticker 纹身贴,,69315（TS8033),纹身贴,纹身贴,1335,1334,"￥2,521.26",1,￥1.89,￥1.89,$0.28,$0.28,￥1.82,,-3.85%
停产在售,,STICKERS,Tattoo Sticker 纹身贴,,69317（TS8034),闪光纹身贴（小）,闪光纹身贴（小）,822,821,"￥1,642.00",1,￥2.00,￥2.00,$0.28,$0.28,￥1.82,,-9.89%
停产在售,,STICKERS,Tattoo Sticker 纹身贴,,69320（TS8035),纹身贴,纹身贴,880,879,"￥1,775.58",1,￥2.02,￥2.02,$0.28,$0.28,￥1.82,,-10.99%
停产在售,,STICKERS,Tattoo Sticker 纹身贴,,69518（TS8011),普通纹身贴（小）,普通纹身贴（小）,593,592,"￥1,024.16",1,￥1.73,￥1.73,$0.23,$0.23,￥1.50,,-15.72%
停产在售,,STICKERS,Tattoo Sticker 纹身贴,,69521（TS8012),普通纹身贴（小）,普通纹身贴（小）,908,907,"￥1,569.11",1,￥1.73,￥1.73,$0.23,$0.23,￥1.50,,-15.72%
停产在售,,STICKERS,Tattoo Sticker 纹身贴,,69524（TS8013),普通纹身贴（小）,普通纹身贴（小）,1284,908,"￥1,570.84",376,￥1.73,￥650.48,$0.23,$86.48,￥562.12,,-15.72%
停产在售,,STICKERS,Tattoo Sticker 纹身贴,,69347（TS198052),普通纹身贴（小）,普通纹身贴（小）,510,134,￥231.82,376,￥1.73,￥650.48,$0.23,$86.48,￥562.12,,-15.72%
停产在售,,STICKERS,Tattoo Sticker 纹身贴,,69348（TS198053),普通纹身贴（小）,普通纹身贴（小）,550,174,￥301.02,376,￥1.73,￥650.48,$0.23,$86.48,￥562.12,,-15.72%
停产在售,,STICKERS,Tattoo Sticker 纹身贴,,69349（TS198054),普通纹身贴（小）,普通纹身贴（小）,544,168,￥290.64,376,￥1.73,￥650.48,$0.23,$86.48,￥562.12,,-15.72%
停产在售,,STICKERS,Tattoo Sticker 纹身贴,,69353（TS198055),普通纹身贴（小）,普通纹身贴（小）,837,836,"￥1,446.28",1,￥1.73,￥1.73,$0.23,$0.23,￥1.50,,-15.72%
停产在售,,STICKERS,Tattoo Sticker 纹身贴,,69531（TS8015),普通纹身贴（小）,普通纹身贴（小）,1049,1048,"￥1,813.04",1,￥1.73,￥1.73,$0.23,$0.23,￥1.50,,-15.72%
停产在售,,STICKERS,Tattoo Sticker 纹身贴,,69557（TS8016),普通纹身贴（小）,普通纹身贴（小）,1764,1763,"￥3,049.99",1,￥1.73,￥1.73,$0.23,$0.23,￥1.50,,-15.72%
停产在售,,STICKERS,Tattoo Sticker 纹身贴,,69558（TS8017),普通纹身贴（小）,普通纹身贴（小）,778,777,"￥1,344.21",1,￥1.73,￥1.73,$0.23,$0.23,￥1.50,,-15.72%
停产在售,,STICKERS,Tattoo Sticker 纹身贴,,69355（TS198056),普通纹身贴（小）,普通纹身贴（小）,1272,1271,"￥2,198.83",1,￥1.73,￥1.73,$0.23,$0.23,￥1.50,,-15.72%
停产在售,,STICKERS,Tattoo Sticker 纹身贴,,69504（TS8007),普通纹身贴（小）,普通纹身贴（小）,1442,1441,"￥2,492.93",1,￥1.73,￥1.73,$0.23,$0.23,￥1.50,,-15.72%
停产在售,,STICKERS,Tattoo Sticker 纹身贴,,69505（TS8008),普通纹身贴（小）,普通纹身贴（小）,980,979,"￥1,693.67",1,￥1.73,￥1.73,$0.23,$0.23,￥1.50,,-15.72%
停产在售,,STICKERS,Tattoo Sticker 纹身贴,,69510（TS8009),普通纹身贴（小）,普通纹身贴（小）,1540,1539,"￥2,662.47",1,￥1.73,￥1.73,$0.23,$0.23,￥1.50,,-15.72%
停产在售,,STICKERS,Tattoo Sticker 纹身贴,,69514（TS8010),普通纹身贴（小）,普通纹身贴（小）,1041,1040,"￥1,799.20",1,￥1.73,￥1.73,$0.23,$0.23,￥1.50,,-15.72%
停产在售,2020,ON THE GO,ON THE GO ACTIVITY BOOKS 随心玩手提本,,CH191603,Scratch Book-Adventure,艾维尼线圈刮画本-太空探险,690,-421,"￥-5,182.51",1113,￥12.31,"￥13,701.03",$2.60,"$2,893.80","￥18,809.70",,27.16%
停产在售,2021,ON THE GO,ON THE GO ACTIVITY BOOKS 随心玩手提本,,CH201740,Magical Water Painting-Travel the World,艾维尼手提水画本-环球旅行,684,-216,"￥-2,928.96",1008,￥13.56,"￥13,668.48",$2.60,"$2,620.80","￥17,035.20",,19.76%
停产在售,2021,ON THE GO,ON THE GO ACTIVITY BOOKS 随心玩手提本,,CH201742,Dress Up Fun,艾维尼手提换装涂色本-小小设计师,1164,-278,"￥-3,372.14",1518,￥12.13,"￥18,413.34",$2.60,"$3,946.80","￥25,654.20",,28.22%
停产在售,,SEWING,DIY Sewing(方盒）,,CH1371,Sewing-Monkey,艾维尼手工DIY缝制玩偶-小猴子,200,200,"￥2,332.00",0,￥11.66,￥0.00,$1.36,$0.00,￥0.00,,#DIV/0!
停产在售,,SEWING,DIY Sewing(方盒）,,CH1372,Sewing-Lion,艾维尼手工DIY缝制玩偶-小狮子,126,126,"￥1,469.16",0,￥11.66,￥0.00,$1.36,$0.00,￥0.00,,#DIV/0!
停产在售,,SEWING,DIY Sewing(方盒）,,CH1375,Sewing-Raccoon,艾维尼手工DIY缝制玩偶-小浣熊,200,200,"￥2,332.00",0,￥11.66,￥0.00,$1.36,$0.00,￥0.00,,#DIV/0!
停产在售,,SEWING,DIY Sewing(方盒）,,CH1381,Sewing-Fairy,艾维尼手工DIY缝制玩偶-公主,0,0,￥0.00,0,￥11.66,￥0.00,$1.36,$0.00,￥0.00,,#DIV/0!
停产在售,,SEWING,DIY Sewing(方盒）,,CH1382,Sewing-Ballerina,艾维尼手工DIY缝制玩偶-芭蕾女孩,0,0,￥0.00,0,￥11.66,￥0.00,$1.36,$0.00,￥0.00,,#DIV/0!
停产在售,,SEWING,DIY Sewing(方盒）,,CH1383,Sewing-Flamingo,艾维尼手工DIY缝制玩偶-火烈鸟,124,124,"￥1,445.84",0,￥11.66,￥0.00,$1.36,$0.00,￥0.00,,#DIV/0!
停产在售,,GIFTBOX,GIFT BOX 礼品盒,,CH1686,Craft Kit - Shrinky Fun Ocean World,艾维尼趣热缩片味礼盒-海洋世界,38,38,￥462.08,0,￥12.16,￥0.00,$1.60,$0.00,￥0.00,,#DIV/0!
停产在售,,GIFTBOX,GIFT BOX 礼品盒,,CH1687,Craft Kit - Scratch Wild Animals,艾维尼趣味刮刮画礼盒-野生动物,5,5,￥57.50,0,￥11.50,￥0.00,$1.60,$0.00,￥0.00,,#DIV/0!
停产在售,2019,ART,COLOURING VELVET植绒画艺术,,CH191690,Colouring Velvet - Magical Unicorn World,艾维尼填色植绒画-独角兽,0,0,￥0.00,0,￥8.73,￥0.00,$1.20,$0.00,￥0.00,,#DIV/0!
停产在售,2019,ART,COLOURING VELVET植绒画艺术,,CH191692,Colouring Velvet - Mermaid and Her friends,艾维尼填色植绒画-美人鱼,0,0,￥0.00,0,￥8.73,￥0.00,$1.20,$0.00,￥0.00,,#DIV/0!
停产在售,2019,ART,COLOURING VELVET植绒画艺术,,CH191693,Colouring Velvet - Transportation and Fancy  Car,艾维尼填色植绒画-交通,300,300,"￥2,619.00",0,￥8.73,￥0.00,$1.20,$0.00,￥0.00,,#DIV/0!
停产在售,2019,ART,COLOURING VELVET植绒画艺术,,CH191695,Colouring Velvet - Dinosaur Family,艾维尼填色植绒画-恐龙家族,0,0,￥0.00,0,￥8.73,￥0.00,$1.20,$0.00,￥0.00,,#DIV/0!
停产停售,,MODELING SAND,MODELING SANDS 造型沙,,MB197064 （外销）,Modeling Sand-Sea Animals（Export Version),造型沙礼盒-海洋（外销）,6,6,￥270.00,0,￥45.00,￥0.00,$7.79,$0.00,￥0.00,,#DIV/0!
停产停售,,MODELING SAND,MODELING SANDS 造型沙,,MB197065 （外销）,Modeling Sand-Cooking Set(Export Version),造型沙礼盒-食物（外销）,138,138,"￥6,210.00",0,￥45.00,￥0.00,$7.79,$0.00,￥0.00,,#DIV/0!
停产在售,,STICKERS,Tattoo Sticker 纹身贴,,69559（TS8018),普通纹身贴（小）,普通纹身贴（小）,34,34,￥58.82,0,￥1.73,￥0.00,$0.23,$0.00,￥0.00,,#DIV/0!
停产在售,,STICKERS,Tattoo Sticker 纹身贴,,69526（TS8014),普通纹身贴（小）,普通纹身贴（小）,0,0,￥0.00,0,￥1.73,￥0.00,$0.23,$0.00,￥0.00,,#DIV/0!
停产在售,,STICKERS,Tattoo Sticker 纹身贴,,69593（TS198142),闪光纹身贴（小）,闪光纹身贴（小）,0,0,￥0.00,0,￥2.00,￥0.00,$0.28,$0.00,￥0.00,,#DIV/0!
停产停售,,STICKERS,Tattoo Sticker 纹身贴,,69588（TS198137),闪光纹身贴（小）,闪光纹身贴（小）,72,72,￥144.00,0,￥2.00,￥0.00,$0.28,$0.00,￥0.00,,#DIV/0!
停产在售,,STICKERS,Tattoo Sticker 纹身贴,,69325（TS8021),纹身贴,纹身贴,0,0,￥0.00,0,￥3.63,￥0.00,$0.54,$0.00,￥0.00,,#DIV/0!
停产在售,,STICKERS,NAIL STICKER BIG指甲贴大,,NA198185,Nail Sticker-Space,艾维尼大指甲贴-太空,172,-88,￥-270.16,288,￥3.07,￥884.16,$0.56,$161.28,"￥1,048.32",,15.66%
停产在售,,STICKERS,Tattoo Sticker 纹身贴,,69360（TS198049),Tattoo Sticker-Kid Summer (big size),普通纹身贴（大）,0,-380,"￥-1,295.80",380,￥3.41,"￥1,295.80",$0.47,$178.60,"￥1,160.90",,-11.62%
停产停售,,STICKERS,Tattoo Sticker 纹身贴,,69364（TS198051),Tattoo Sticker-Kid Trendy (big size),普通纹身贴（大）,0,-380,"￥-1,295.80",380,￥3.41,"￥1,295.80",$0.47,$178.60,"￥1,160.90",,-11.62%
停产在售,,STICKERS,Tattoo Sticker 纹身贴,,69582（TS8006),纹身贴,艾维尼纹身贴-羽毛,0,0,￥0.00,0,￥2.86,￥0.00,$0.47,$0.00,￥0.00,,#DIV/0!
停产在售,,STICKERS,Tattoo Sticker 纹身贴,,69446（TS198038),Tattoo Sticker Glitter-Floral Insert,艾维尼趣味大纹身贴-花朵A（闪光）,0,0,￥0.00,0,￥3.86,￥0.00,$0.54,$0.00,￥0.00,,#DIV/0!
停产在售,,STICKERS,Tattoo Sticker 纹身贴,,69454（TS198039),Tattoo Sticker Glitter-Pastel Floral,艾维尼趣味大纹身贴-花朵B(闪光）,0,0,￥0.00,0,￥3.86,￥0.00,$0.54,$0.00,￥0.00,,#DIV/0!
停产停售,,STICKERS,Tattoo Sticker 纹身贴,,69327（TS8023),Tattoo Sticker Glitter-Unicorn,艾维尼趣味大纹身贴--独角兽A（闪光）,0,0,￥0.00,0,￥3.86,￥0.00,$0.54,$0.00,￥0.00,,#DIV/0!
停产停售,,STICKERS,Tattoo Sticker 纹身贴,,69326（TS8022),纹身贴,纹身贴,0,0,￥0.00,0,￥3.63,￥0.00,$0.54,$0.00,￥0.00,,#DIV/0!
停产在售,,STICKERS,Tattoo Sticker 纹身贴,,69324（TS8020),纹身贴,纹身贴,0,0,￥0.00,0,￥3.63,￥0.00,$0.54,$0.00,￥0.00,,#DIV/0!
停产停售,,STICKERS,Tattoo Sticker 纹身贴,,69323（TS8019),纹身贴,纹身贴,0,0,￥0.00,0,￥3.63,￥0.00,$0.54,$0.00,￥0.00,,#DIV/0!
停产停售,,STICKERS,Tattoo Sticker 纹身贴,,69361（TS198037),Tattoo Sticker Glitter-Mermaid,艾维尼趣味大纹身贴-美人鱼（闪光）,0,0,￥0.00,0,￥3.86,￥0.00,$0.54,$0.00,￥0.00,,#DIV/0!
停产停售,,STICKERS,Tattoo Sticker 纹身贴,,69462（TS198041),Tattoo Sticker Glitter-Unicorn,艾维尼趣味大纹身贴-独角兽B（闪光）,0,0,￥0.00,0,￥3.86,￥0.00,$0.54,$0.00,￥0.00,,#DIV/0!
停产停售,,STICKERS,Tattoo Sticker 纹身贴,,69595（TS198042),Tattoo Sticker Glitter-Ballerina,艾维尼趣味大纹身贴-芭蕾（闪光）,0,0,￥0.00,0,￥3.86,￥0.00,$0.54,$0.00,￥0.00,,#DIV/0!
停产停售,,STICKERS,Tattoo Sticker 纹身贴,,69594（TS198043),Tattoo Sticker Glitter-Fairy,艾维尼趣味大纹身贴-仙子（闪光）,0,0,￥0.00,0,￥3.86,￥0.00,$0.54,$0.00,￥0.00,,#DIV/0!
停产停售,,STICKERS,Tattoo Sticker 纹身贴,,69458（TS198040),Tattoo Sticker Glitter-Pastel Doodles,艾维尼趣味大纹身贴-涂鸦（闪光）,0,0,￥0.00,0,￥3.86,￥0.00,$0.54,$0.00,￥0.00,,#DIV/0!
停产在售,,SEA&DO,Sea&Do(美版),,SD198128,DIY Mermaid Headbands-头筐,DIY美人鱼发箍,324,324,"￥3,888.00",0,￥12.00,￥0.00,$1.73,$0.00,￥0.00,,#DIV/0!
停产在售,,SEA&DO,Sea&Do(欧版),,SD198125-EU,Make an Ocean Dreamcatcher-捕梦网,制作捕梦网（欧版）,607,607,"￥8,619.40",0,￥14.20,￥0.00,$1.97,$0.00,￥0.00,,#DIV/0!
停产在售,,SEA&DO,Sea&Do(美版),,SD198136,Make a Mermaid-美人鱼sewing,缝制美人鱼,880,880,"￥11,844.80",0,￥13.46,￥0.00,$1.97,$0.00,￥0.00,,#DIV/0!
停产在售,,SEA&DO,Sea&Do(美版),,SD198126,DIY Embroldery Hoop Art-缝制刺绣箍美人鱼,DIY刺绣箍美人鱼,296,296,"￥4,058.16",0,￥13.71,￥0.00,$2.26,$0.00,￥0.00,,#DIV/0!
停产在售,,SEA&DO,Sea&Do(美版),,SD198127,Flag Banners-旗帜,缝制旗帜,1332,1332,"￥31,901.40",0,￥23.95,￥0.00,$3.28,$0.00,￥0.00,,#DIV/0!
停产在售,,SEA&DO,Sea&Do(欧版),,SD198130-EU,Crochet a Narwhal Hat-钩针帽子,钩针独角鲸鱼帽子（欧版）,448,448,"￥7,329.28",0,￥16.36,￥0.00,$2.42,$0.00,￥0.00,,#DIV/0!
停产在售,,SEA&DO,Sea&Do(欧版),,SD198134-EU,Seahorse String Art,绕线画-海马（欧版）,548,548,"￥10,603.80",0,￥19.35,￥0.00,$2.63,$0.00,￥0.00,,#DIV/0!
停产在售,,MODELING SAND,MODELING SANDS 造型沙,,MB199211 （内销）,Modeling sand-Sea animals（Domestic Version),艾维尼造型沙豪华礼盒-海洋（仅盒子）,887,887,"￥43,684.75",0,￥49.25,￥0.00,,$0.00,￥0.00,,#DIV/0!
停产在售,,MODELING SAND,MODELING SANDS 造型沙,,MB199212 （内销）,Modeling Sand-Cooking Set（Domestic Version),艾维尼造型沙豪华礼盒-食物（仅盒子）,870,870,"￥42,847.50",0,￥49.25,￥0.00,,$0.00,￥0.00,,#DIV/0!
停产在售,,MODELING SAND,MODELING SANDS 造型沙,,CH1276,Modeling sand,艾维尼彩色造型沙1KG装-原色,0,100,"￥1,152.00",200,￥11.52,"￥2,304.00",,$0.00,￥0.00,,#DIV/0!
停产在售,,MODELING SAND,MODELING SANDS 造型沙,,CH1276-1,Modeling sand-blue,艾维尼彩色造型沙1KG装-蓝色,0,0,￥0.00,0,￥11.52,￥0.00,,$0.00,￥0.00,,#DIV/0!
停产在售,,MODELING SAND,MODELING SANDS 造型沙,,CH1276-2,Modeling sand-pink,艾维尼彩色造型沙1KG装-粉色,0,0,￥0.00,0,￥11.52,￥0.00,,$0.00,￥0.00,,#DIV/0!
停产在售,,MODELING SAND,MODELING SANDS 造型沙,,CH1276-3,Modeling sand-green,艾维尼彩色造型沙1KG装-绿色,0,0,￥0.00,0,￥11.52,￥0.00,,$0.00,￥0.00,,#DIV/0!
停产在售,,MODELING SAND,MODELING SANDS 造型沙,,CH1276-4,Modeling sand-orange,艾维尼彩色造型沙1KG装-橙色,0,0,￥0.00,0,￥11.52,￥0.00,,$0.00,￥0.00,,#DIV/0!
停产在售,,MODELING SAND,MODELING SANDS 造型沙,,R311-14（MB199316）,Beach toys R311-14,艾维尼造型沙模具A-城堡,414,414,"￥1,101.24",0,￥2.66,￥0.00,,$0.00,￥0.00,,#DIV/0!
停产在售,,MODELING SAND,MODELING SANDS 造型沙,,R311-16（MB199318）,Beach toys R311-16,艾维尼造型沙模具B-动物,881,881,"￥2,554.90",0,￥2.90,￥0.00,,$0.00,￥0.00,,#DIV/0!
停产在售,,MODELING SAND,MODELING SANDS 造型沙,,R311-48（MB199335）,Beach toys R311-48,艾维尼造型沙模具D-交通海洋混装,836,836,"￥3,511.20",0,￥4.20,￥0.00,,$0.00,￥0.00,,#DIV/0!
停产在售,,MODELING SAND,MODELING SANDS 造型沙,,R311-5  （MB199311）,Beach toys R311-5,艾维尼造型沙模具E-交通海洋城堡混装,1250,1250,"￥5,250.00",0,￥4.20,￥0.00,,$0.00,￥0.00,,#DIV/0!
在产,2020,DISPLAY,Display  展架系统,,DP197108E,EMPTY display Envelope small size,小信封空展示盒（无卡头，保护罩灰底白板）,604,226,￥870.10,3418,￥3.85,"￥13,159.30",,$0.00,￥0.00,,#DIV/0!
在产,2020,DISPLAY,Display  展架系统,,DP207244E,EMPTY display Envelope big size,大信封空展示盒（像素马赛克、关节--8套/展）,112,277,"￥1,315.75",839,￥4.75,"￥3,985.25",,$0.00,￥0.00,,#DIV/0!
停产停售,2019,ART,COLOURING VELVET植绒画艺术,,CH191691,Colouring Velvet - Princess and Her Garden,艾维尼填色植绒画-公主,0,0,￥0.00,0,￥8.73,￥0.00,$1.20,$0.00,￥0.00,,#DIV/0!
停产在售,2019,ART,COLOURING VELVET植绒画艺术,,CH191694,Colouring Velvet - Space and Robots,艾维尼填色植绒画- 太空机器人,0,0,￥0.00,0,￥8.73,￥0.00,$1.20,$0.00,￥0.00,,#DIV/0!
停产停售,,STICKERS,Tattoo Sticker 纹身贴,,69328（TS8024),纹身贴,纹身贴,0,0,￥0.00,0,￥3.28,￥0.00,$0.54,$0.00,￥0.00,,#DIV/0!
停产停售,,STICKERS,Tattoo Sticker 纹身贴,,69362（TS198050),Tattoo Sticker-Kid Knight (big size),普通纹身贴（大）,0,0,￥0.00,0,￥3.41,￥0.00,$0.47,$0.00,￥0.00,,#DIV/0!
停产停售,,STICKERS,Tattoo Sticker 纹身贴,,69566（TS8002),Tattoo Sticker-Monster (big size),普通纹身贴（大）-怪兽,0,0,￥0.00,0,￥3.41,￥0.00,$0.47,$0.00,￥0.00,,#DIV/0!
停产停售,,STICKERS,Tattoo Sticker 纹身贴,,69568（TS8003),Tattoo Sticker-Pirate (big size),普通纹身贴（大）-海盗,0,0,￥0.00,0,￥3.41,￥0.00,$0.47,$0.00,￥0.00,,#DIV/0!
停产停售,,STICKERS,Tattoo Sticker 纹身贴,,69569（TS8004),Tattoo Sticker-Dino (big size),艾维尼趣味大纹身贴--恐龙,0,-60,￥-204.60,60,￥3.41,￥204.60,$0.47,$28.20,￥183.30,,-11.62%
停产停售,,STICKERS,Tattoo Sticker 纹身贴,,69562（TS8001),Tattoo Sticker-Owl&Bird (big size),艾维尼趣味大纹身贴-骑士,0,-260,￥-886.60,260,￥3.41,￥886.60,$0.47,$122.20,￥794.30,,-11.62%
停产停售,,STICKERS,Tattoo Sticker 纹身贴,,69574（TS8005),Tattoo Sticker-Charm (big size),普通纹身贴（大）-珠宝香水,0,-360,"￥-1,227.60",360,￥3.41,"￥1,227.60",$0.47,$169.20,"￥1,099.80",,-11.62%
停产停售,,SEWING,DIY Sewing(大圆桶改-方盒）,,CH211660,Sewing My First Doll-Unicorn,艾维尼手工缝制玩偶 -独角兽 大圆筒改方盒,4,4,￥55.60,0,￥13.90,￥0.00,,$0.00,￥0.00,,#DIV/0!
在产,,DISPLAY,Display  展架系统,,DP207253E,线圈刮画展示盒+卡头+保护罩（12套/展，24套/外箱）(对应产品一体展示盒DP197109),线圈刮画空展示盒（DP197109）,0,0,￥0.00,0,￥9.74,￥0.00,,$0.00,￥0.00,,#DIV/0!
客定,,DISPLAY,Display  展架系统,,DP207255E（客定）,CROSS Stitch DISPLAY+卡头+保护罩（灰底白板）;16套/展示盒，48套/外箱（3展），不混装.(对应产品一体展示盒DP7060),（JRK）十字绣空展示盒,64,64,￥280.32,0,￥4.38,￥0.00,,$0.00,￥0.00,,#DIV/0!
在产,,DISPLAY,Display  展架系统,,DP207267E,"像素马赛克展示盒(4款设计，每款各3套，共12套混装）+保护罩（无卡头）,24套/外箱(对应产品一体展示盒DP197087)",像素马赛克空展示盒（12套/展）,1447,1431,"￥8,314.11",16,￥5.81,￥92.96,,$0.00,￥0.00,,#DIV/0!
停产停售,,DISPLAY,Display  展架系统,,DP207268E,SEA&DO 展示盒(对应产品一体展示盒DP197089),,0,0,￥0.00,0,￥429.00,￥0.00,,$0.00,￥0.00,,#DIV/0!
停产停售,,DISPLAY,Display  展架系统,,DP207270E,低幼马赛克展示盒+保护罩（无卡头）（4套/款*4款=16/展示盒混装）(4展示盒/外箱）(对应产品一体展示盒DP197094),低幼马赛克空展示盒,0,0,￥0.00,0,￥6.00,￥0.00,,$0.00,￥0.00,,#DIV/0!
停产停售,,DISPLAY,Display  展架系统,,DP207276E,关节刮画玩偶展示盒+保护罩（无卡头）（8套混装，每款各2套/展示盒，2个展示盒/外箱）(对应产品一体展示盒DP197104),关节刮画玩偶空展示盒,0,-1,￥-5.81,1,￥5.81,￥5.81,,$0.00,￥0.00,,#DIV/0!
停产停售,,DISPLAY,Display  展架系统,,DP207278E,大纹身贴展示盒+卡头+保护罩（展示盒尺寸同大指甲贴展示盒，卡头不同），2款*36pc/款=72pc/展示盒，4个展示盒（288pc)/外箱。(对应产品一体展示盒DP207170),大纹身贴空展示盒,0,0,￥0.00,0,￥14.70,￥0.00,,$0.00,￥0.00,,#DIV/0!
停产停售,,DISPLAY,Display  展架系统,,DP207279E,小纹身贴展示盒+卡头+保护罩（展示盒尺寸同小指甲贴展示盒，卡头不同），3款*36pc/款=108pc/展示盒。4个展示盒（432pc)/外箱.(对应产品一体展示盒DP207171),小纹身贴空展示盒,0,0,￥0.00,0,￥12.34,￥0.00,,$0.00,￥0.00,,#DIV/0!
停产停售,,SEA&DO,Sea&Do(欧版),,SD198126-EU,DIY Embroldery Hoop Art-缝制美人鱼,DIY刺绣箍美人鱼（欧版）,0,0,￥0.00,0,￥13.71,￥0.00,$3.28,$0.00,￥0.00,,#DIV/0!
停产停售,,SEA&DO,Sea&Do(欧版),,SD198127-EU,Flag Banners-旗帜,缝制旗帜（欧版）,0,0,￥0.00,0,￥23.95,￥0.00,$4.04,$0.00,￥0.00,,#DIV/0!
停产停售,,SEA&DO,Sea&Do(欧版),,SD198128-EU,DIY Mermaid Headbands-头筐,DIY美人鱼发箍（欧版）,0,0,￥0.00,0,￥12.00,￥0.00,$2.52,$0.00,￥0.00,,#DIV/0!
停产停售,,SEA&DO,Sea&Do(欧版),,SD198129-EU,Message in a bottle-漂流瓶,DIY漂流瓶（欧版）,0,0,￥0.00,0,￥13.94,￥0.00,$2.52,$0.00,￥0.00,,#DIV/0!
停产停售,,SEA&DO,Sea&Do(欧版),,SD198131-EU,Make a Narwhal-独角鲸鱼sewing,缝制独角鲸鱼（欧版）,2,2,￥23.02,0,￥11.51,￥0.00,$3.28,$0.00,￥0.00,,#DIV/0!
停产停售,,SEA&DO,Sea&Do(欧版),,SD198132-EU,DIY Nautical Bracelets-手链,DIY手链（欧版）,0,0,￥0.00,0,￥14.92,￥0.00,$2.52,$0.00,￥0.00,,#DIV/0!
停产停售,,SEA&DO,Sea&Do(欧版),,SD198133-EU,Light Up Ship in a Bottle-瓶中船,瓶中船（欧版）,0,0,￥0.00,0,￥28.32,￥0.00,$5.04,$0.00,￥0.00,,#DIV/0!
停产停售,,SEA&DO,Sea&Do(欧版),,SD198135-EU,Whale String Art,绕线画-鲸鱼（欧版）,0,0,￥0.00,0,￥23.69,￥0.00,$5.04,$0.00,￥0.00,,#DIV/0!
停产停售,,SEA&DO,Sea&Do(欧版),,SD198136-EU,Make a Mermaid-美人鱼sewing,缝制美人鱼（欧版）,203,203,"￥2,732.38",0,￥13.46,￥0.00,$3.28,$0.00,￥0.00,,#DIV/0!
停产停售,,SEA&DO,Sea&Do(美版),,SD198125,Make an Ocean Dreamcatcher-捕梦网,制作捕梦网,7,7,￥99.40,0,￥14.20,￥0.00,$3.28,$0.00,￥0.00,,#DIV/0!
停产停售,,SEA&DO,Sea&Do(美版),,SD198129,Message in a bottle-漂流瓶,DIY漂流瓶,8,8,￥111.52,0,￥13.94,￥0.00,$2.52,$0.00,￥0.00,,#DIV/0!
停产停售,,SEA&DO,Sea&Do(美版),,SD198130,Crochet a Narwhal Hat-钩针帽子,钩针独角鲸鱼帽子,136,136,"￥2,224.96",0,￥16.36,￥0.00,$4.04,$0.00,￥0.00,,#DIV/0!
停产停售,,SEA&DO,Sea&Do(美版),,SD198131,Make a Narwhal-独角鲸鱼sewing,缝制独角鲸鱼,0,0,￥0.00,0,￥11.51,￥0.00,$3.28,$0.00,￥0.00,,#DIV/0!
停产停售,,SEA&DO,Sea&Do(美版),,SD198132,DIY Nautical Bracelets-手链,DIY手链,70,70,"￥1,044.40",0,￥14.92,￥0.00,$2.52,$0.00,￥0.00,,#DIV/0!
停产停售,,SEA&DO,Sea&Do(美版),,SD198133,Light Up Ship in a Bottle-瓶中船,瓶中船,0,0,￥0.00,0,￥28.32,￥0.00,$5.04,$0.00,￥0.00,,#DIV/0!
停产停售,,SEA&DO,Sea&Do(美版),,SD198134,Seahorse String Art,绕线画-海马,78,78,"￥1,509.30",0,￥19.35,￥0.00,$4.04,$0.00,￥0.00,,#DIV/0!
停产停售,,SEA&DO,Sea&Do(美版),,SD198135,Whale String Art,绕线画-鲸鱼,198,198,"￥4,690.62",0,￥23.69,￥0.00,$5.04,$0.00,￥0.00,,#DIV/0!
停产停售,,SEWING,PHOTO FRAME,,CH1525,Cross Stitch-Unicorn,纸相框-十字绣-独角兽,192,192,"￥1,211.52",0,￥6.31,￥0.00,$1.84,$0.00,￥0.00,,#DIV/0!
停产停售,,SCRATCH,PHOTO FRAME,,CH1530,Scratch Spiro Art,纸相框-万花尺刮画,0,0,￥0.00,0,￥7.45,￥0.00,$1.84,$0.00,￥0.00,,#DIV/0!
停产停售,,ART,PHOTO FRAME,,CH1536,Sand Art Animal,纸相框-彩沙沙画动物,0,0,￥0.00,0,￥6.49,￥0.00,$1.84,$0.00,￥0.00,,#DIV/0!
停产停售,,ART,PHOTO FRAME,,CH1539,Glitte Art Unicorn,纸相框-金粉画-独角兽,48,48,￥336.00,0,￥7.00,￥0.00,$1.84,$0.00,￥0.00,,#DIV/0!
停产停售,,SEWING,PHOTO FRAME,,CH1524,Cross Stitch-Peacock,纸相框-十字绣-孔雀,0,0,￥0.00,0,￥6.31,￥0.00,$1.84,$0.00,￥0.00,,#DIV/0!
停产停售,,SEWING,PHOTO FRAME,,CH1526,Cross Stitch-Toucan,纸相框-十字绣-大嘴鸟,137,137,￥864.47,0,￥6.31,￥0.00,$1.84,$0.00,￥0.00,,#DIV/0!
停产停售,,STICKERS,PHOTO FRAME,,CH1529,Polkadot EVA Mosaic,纸相框-EVA马赛克,48,48,￥307.20,0,￥6.40,￥0.00,$1.84,$0.00,￥0.00,,#DIV/0!
停产停售,,STICKERS,PHOTO FRAME,,CH1533,Foil Art Dragon,纸相框-星空纸贴-恐龙,168,168,"￥1,134.00",0,￥6.75,￥0.00,$1.84,$0.00,￥0.00,,#DIV/0!
停产停售,,ART,PHOTO FRAME,,CH1540,Glitte Art Ocean,纸相框-金粉画-海洋,0,0,￥0.00,0,￥7.00,￥0.00,$1.84,$0.00,￥0.00,,#DIV/0!
停产停售,,SEWING,DIY Sewing(方盒）,,CH1374,Sewing-Giraffe,艾维尼方盒手工缝制玩偶-长颈鹿,25,25,￥244.75,0,￥9.79,￥0.00,$2.09,$0.00,￥0.00,,#DIV/0!
停产停售,,SEWING,DIY Sewing(方盒）,,CH1379,Sewing-Fox,艾维尼方盒手工缝制玩偶-狐狸,36,36,￥352.44,0,￥9.79,￥0.00,$2.09,$0.00,￥0.00,,#DIV/0!
停产停售,,SEWING,DIY Sewing(方盒）,,CH1380,Sewing-Princess,艾维尼方盒手工缝制玩偶-公主,80,80,￥783.20,0,￥9.79,￥0.00,$2.09,$0.00,￥0.00,,#DIV/0!
停产停售,,SEWING,DIY Sewing(方盒）,,CH1384,Sewing-Toucan,艾维尼方盒手工缝制玩偶-大嘴鸟,144,144,"￥1,409.76",0,￥9.79,￥0.00,$2.09,$0.00,￥0.00,,#DIV/0!
停产停售,,SEWING,DIY Sewing(方盒）,,CH1387,Sewing-Owl,艾维尼方盒手工缝制玩偶-猫头鹰,267,267,"￥2,613.93",0,￥9.79,￥0.00,$2.09,$0.00,￥0.00,,#DIV/0!
停产停售,,SEWING,DIY Sewing(方盒）,,CH1388,Sewing-Panda,艾维尼方盒手工缝制玩偶-熊猫,46,46,￥450.34,0,￥9.79,￥0.00,$2.09,$0.00,￥0.00,,#DIV/0!
停产停售,,SEWING,DIY Sewing 小圆筒,,CH1630,Keychain-Sewing Toucan大嘴鸟,艾维尼小圆筒手工缝制玩偶-大嘴鸟,165,165,"￥1,621.95",0,￥9.83,￥0.00,$2.55,$0.00,￥0.00,,#DIV/0!
停产停售,,SEWING,DIY Sewing 小圆筒,,CH1635,Keychain-Sewing Flamingo火烈鸟,艾维尼小圆筒手工缝制玩偶-火烈鸟,0,0,￥0.00,0,￥9.83,￥0.00,$2.55,$0.00,￥0.00,,#DIV/0!
停产停售,,SEWING,DIY Sewing 大圆筒,,CH1622,Sewing（Doll）-Toucan大嘴鸟,艾维尼大圆筒手工缝制玩偶-大嘴鸟,10,10,￥163.20,0,￥16.32,￥0.00,$3.34,$0.00,￥0.00,,#DIV/0!
停产停售,,SEWING,DIY Sewing 大圆筒,,CH1627,Sewing(Doll)-Flamingo火烈鸟,艾维尼大圆筒手工缝制玩偶-火烈鸟,60,60,￥979.20,0,￥16.32,￥0.00,$3.34,$0.00,￥0.00,,#DIV/0!
停产停售,,SCRATCH,SCRATCH ART 刮刮画,,CH1255,Scratch-4 Magic Dinosaurs,刮刮画-恐龙,0,0,￥0.00,0,￥4.61,￥0.00,$0.89,$0.00,￥0.00,,#DIV/0!
停产停售,,SCRATCH,SCRATCH ART 刮刮画,,CH1320,Scratch-3 Face Masks,刮刮画-印第安面具,92,92,￥393.76,0,￥4.28,￥0.00,$0.89,$0.00,￥0.00,,#DIV/0!
停产停售,,SCRATCH,SCRATCH ART 刮刮画,,CH1429,Scratch-3 Face Masks,刮刮画-皇冠面具,40,40,￥167.20,0,￥4.18,￥0.00,$0.89,$0.00,￥0.00,,#DIV/0!
停产停售,,SCRATCH,SCRATCH ART 刮刮画,,CH1451,Scratch-2 Crowns Queen & Princess,刮刮画-公主皇冠,292,292,"￥1,436.64",0,￥4.92,￥0.00,$1.09,$0.00,￥0.00,,#DIV/0!
停产停售,,SCRATCH,SCRATCH ART 刮刮画,,CH1319,Scratch-4 Magic Birds,刮刮画-小鸟,430,430,"￥1,797.40",0,￥4.18,￥0.00,$0.89,$0.00,￥0.00,,#DIV/0!
停产停售,,SCRATCH,SCRATCH ART 刮刮画,,CH1426,Scratch-4 Flamingo & Friends,刮刮画-火烈鸟,156,156,￥670.80,0,￥4.30,￥0.00,$0.89,$0.00,￥0.00,,#DIV/0!
停产停售,,SCRATCH,SCRATCH ART 刮刮画,,CH1427,Scratch-4 Magic Kitties,刮刮画-猫咪,135,135,￥643.95,0,￥4.77,￥0.00,$0.89,$0.00,￥0.00,,#DIV/0!
停产停售,,SCRATCH,SCRATCH ART 刮刮画,,CH1317,Scratch-4 Magic Insects,趣味刮刮画-4个甲虫刮画,220,220,"￥1,005.40",0,￥4.57,￥0.00,$0.94,$0.00,￥0.00,,#DIV/0!
停产停售,,SCRATCH,SCRATCH ART 刮刮画,,CH1318,Scratch-4 Magic Butterflies,刮刮画-蝴蝶,93,93,￥413.85,0,￥4.45,￥0.00,$0.94,$0.00,￥0.00,,#DIV/0!
停产停售,,SCRATCH,SCRATCH ART 刮刮画,,CH1428,Scratch-4 Magic Unicorn,刮刮画-独角兽,80,80,￥345.60,0,￥4.32,￥0.00,$0.94,$0.00,￥0.00,,#DIV/0!
停产停售,,STICKERS,Static Magical Sticker,,CH1478,Static Magical Sticker-Creat My Princess,静电魔术贴纸-公主,503,503,"￥3,153.81",0,￥6.27,￥0.00,$1.70,$0.00,￥0.00,,#DIV/0!
停产停售,,STICKERS,Sticker Book,,STB0002,Sticker Book-Football,不干胶本子-足球,378,378,"￥2,782.08",0,￥7.36,￥0.00,$1.57,$0.00,￥0.00,,#DIV/0!
停产停售,,SEWING,Cross Stitch,,CH1435,Cross Stitch-Elephant,趣味十字绣- 大象,71,71,￥332.99,0,￥4.69,￥0.00,$1.15,$0.00,￥0.00,,#DIV/0!
停产停售,,SEWING,Cross Stitch,,CH1437,Cross Stitch-Lion,趣味十字绣- 狮子,80,80,￥375.20,0,￥4.69,￥0.00,$1.15,$0.00,￥0.00,,#DIV/0!
停产停售,,SEWING,Cross Stitch,,CH1441,Cross Stitch-Fox,趣味十字绣- 狐狸,66,66,￥309.54,0,￥4.69,￥0.00,$1.15,$0.00,￥0.00,,#DIV/0!
停产停售,,SEWING,Cross Stitch,,CH1443,Cross Stitch-Squirrel,趣味十字绣- 松鼠,96,96,￥450.24,0,￥4.69,￥0.00,$1.15,$0.00,￥0.00,,#DIV/0!
停产停售,,PUZZLE,Puzzle,,CH1486,whole set (6 boxes)with display,场景认知拼图6个入展示盒,753,753,"￥21,837.00",0,￥29.00,￥0.00,$6.08,$0.00,￥0.00,,#DIV/0!
停产停售,,ART,CANVAS POP ART,,CH1338,Canvas Pop Art-Cat,帆布画套装-狸猫,24,24,￥245.04,0,￥10.21,￥0.00,$1.99,$0.00,￥0.00,,#DIV/0!
停产停售,,ART,CANVAS POP ART,,CH1339,Canvas Pop Art-Turtle,艾维尼帆布画艺术-乌龟,28,28,￥285.88,0,￥10.21,￥0.00,$1.99,$0.00,￥0.00,,#DIV/0!
停产停售,,ART,CANVAS POP ART,,CH1340,Canvas Pop Art-Dog,艾维尼帆布画艺术-小狗,52,52,￥526.24,0,￥10.12,￥0.00,$1.99,$0.00,￥0.00,,#DIV/0!
停产停售,,ART,CANVAS POP ART,,CH1341,Canvas Pop Art-Rabbit,艾维尼帆布画艺术-兔子,0,0,￥0.00,0,￥10.12,￥0.00,$1.99,$0.00,￥0.00,,#DIV/0!
停产停售,,ART,CANVAS POP ART,,CH1342,Canvas Pop Art-Elephant ,帆布画套装-大象,-19,-19,￥-192.28,0,￥10.12,￥0.00,$1.99,$0.00,￥0.00,,#DIV/0!
停产停售,,ART,CANVAS POP ART,,CH1343,Canvas Pop Art-Lion Tiger,艾维尼帆布画艺术-老虎,333,333,"￥3,369.96",0,￥10.12,￥0.00,$1.99,$0.00,￥0.00,,#DIV/0!
停产停售,,ART,CANVAS POP ART,,CH191344,Canvas Pop Art-Unicorn,艾维尼帆布画艺术-独角兽,12,12,￥121.44,0,￥10.12,￥0.00,$1.99,$0.00,￥0.00,,#DIV/0!
客定,,SEWING,DIY Sewing(大圆桶改-方盒）,,CH1620-1（客定）,Sewing My First Doll-Unicorn,艾维尼DIY手工缝制玩偶 -独角兽云宝Rainbow,0,0,￥0.00,0,￥17.19,￥0.00,,$0.00,￥0.00,,#DIV/0!
客定,,SEWING,DIY Sewing(大圆桶改-方盒）,,CH1623-1（客定）,Sewing My First Doll-Llama,艾维尼DIY手工缝制玩偶 -羊驼突突Tutu,0,0,￥0.00,0,￥17.19,￥0.00,,$0.00,￥0.00,,#DIV/0!
客定,,SEWING,DIY Sewing(大圆桶改-方盒）,,CH1625-1（客定）,Sewing My First Doll-Deer,艾维尼DIY手工缝制玩偶 -幸运小鹿Lucky,0,0,￥0.00,0,￥17.19,￥0.00,,$0.00,￥0.00,,#DIV/0!
客定,,DISPLAY,Display  展架系统,,DP207263E（客定）,内销8款笔套sewing展示盒（无保护罩无卡头），每款各3套混装，24套/展示盒，4个展示盒/箱(对应产品一体展示盒DP197097),,0,0,￥0.00,0,￥10.52,￥0.00,,$0.00,￥0.00,,#DIV/0!
客定,,DISPLAY,Display  展架系统,,DP207281E（客定）,JRK方盒sewing展示盒(JRK)（无卡头无保护罩），12套/展示盒，24套/箱(2展），混装.(对应产品一体展示盒DP197105),（JRK）方盒空展示盒（12套/展）,115,115,"￥1,098.25",0,￥9.55,￥0.00,,$0.00,￥0.00,,#DIV/0!
客定,,DISPLAY,Display  展架系统,,DP207282E（客定）,JRK方盒sewing展示盒(JRK)（无卡头无保护罩），6套/展示盒，24套/箱（2展），混装.(对应产品一体展示盒DP207226),（JRK）方盒空展示盒（6套/展）,-32,-32,￥-156.80,0,￥4.90,￥0.00,,$0.00,￥0.00,,#DIV/0!
客定,,DISPLAY,Display  展架系统,,DP207283E（客定）,帆布画框展示盒(无卡头无保护罩）（JRK);各4款每款各1套共 4套/展，24套/箱（6展），混装.(对应产品一体展示盒DP197112),,0,0,￥0.00,0,￥9.85,￥0.00,,$0.00,￥0.00,,#DIV/0!
客定,,DISPLAY,Display  展架系统,,DP207284E（客定）,刺绣箍展示盒（无保护罩无卡头）(JRK);4款X2套，共8套/展示盒，4展示盒/箱(对应产品一体展示盒DP207213),（JRK）刺绣箍空展示盒,400,400,"￥3,004.00",0,￥7.51,￥0.00,,$0.00,￥0.00,,#DIV/0!
客定,,DISPLAY,Display  展架系统,,DP207285E（客定）,JRK String Art展示盒（无保护罩），2款X4套共8套/展示盒，4展示盒/箱(对应产品一体展示盒DP207220),（JRK）绕线画空展示盒,50,50,￥541.00,0,￥10.82,￥0.00,,$0.00,￥0.00,,#DIV/0!
客定,,DISPLAY,Display  展架系统,,DP207286E（客定）,JRK 小信封展示盒+保护罩（装量28/84）混装.(对应产品一体展示盒DP207217),（JRK）小信封空展示盒,125,125,"￥1,693.75",0,￥13.55,￥0.00,,$0.00,￥0.00,,#DIV/0!
客定,,DISPLAY,Display  展架系统,,DP207310E（客定）,JRK CH1318/1317毛条小信封展示盒+保护罩（装量24/72）不混装.(对应产品一体展示盒DP207183/184),,0,0,￥0.00,0,￥7.14,￥0.00,,$0.00,￥0.00,,#DIV/0!
客定,,DISPLAY,Display  展架系统,,DP217358E（客定）,JRK 大圆筒展示盒（无保无卡）黄色版本，CH1620/1626/201618每款各3套，供9套/展示盒（DP217357),（JRK）大圆筒空展示盒,570,570,"￥4,987.50",0,￥8.75,￥0.00,,$0.00,￥0.00,,#DIV/0!
在产,2020,DISPLAY,Display  展架系统,,DP207214E,sewing Tree,Sewing成品展示树组合,10,10,"￥3,650.00",0,￥365.00,￥0.00,,$0.00,￥0.00,,#DIV/0!
停产停售,,,老库存,,CH1016,Dress Me Please,缝制娃娃,471,471,"￥6,782.40",0,￥14.40,￥0.00,$2.57,$0.00,￥0.00,,#DIV/0!
停产停售,,,老库存,,CH1223,Fashion Weaving Loom,时尚编织,80,80,"￥1,204.00",0,￥15.05,￥0.00,$2.69,$0.00,￥0.00,,#DIV/0!
停产停售,,,老库存,,CH1097,Coloring Velvet Girls,上色植绒画,1142,1142,"￥7,959.74",0,￥6.97,￥0.00,$1.24,$0.00,￥0.00,,#DIV/0!
停产停售,,,老库存,,CH1287,Shrinky,热缩片,322,322,"￥6,852.16",0,￥21.28,￥0.00,$4.32,$0.00,￥0.00,,#DIV/0!
停产停售,,,老库存,,CH1402,Shrinky-Jewelry Tree,热缩片,480,480,"￥9,360.00",0,￥19.50,￥0.00,$3.69,$0.00,￥0.00,,#DIV/0!
停产停售,,,老库存,,CH1282,Shrinky-Creat 1 Jewelry Bracelet,热缩片,343,343,"￥1,715.00",0,￥5.00,￥0.00,$1.15,$0.00,￥0.00,,#DIV/0!
停产停售,,,老库存,,CH1283,Shrinky-DIY Bookmark Shrinky Set,热缩片,355,355,"￥1,704.00",0,￥4.80,￥0.00,$0.86,$0.00,￥0.00,,#DIV/0!
停产停售,,,老库存,,CH1281,Shrinky-DIY Button Shrinky Set,热缩片,250,250,"￥1,040.00",0,￥4.16,￥0.00,$0.74,$0.00,￥0.00,,#DIV/0!
停产停售,,,老库存,,6色彩铅,辉柏嘉-6色彩铅,辉柏嘉-6色彩铅,3840,3840,"￥26,496.00",0,￥6.90,￥0.00,$1.40,$0.00,￥0.00,,#DIV/0!
停产停售,,,老库存,,CH1094,Mosaic Picture-Flower,马赛克,300,300,"￥1,149.00",0,￥3.83,￥0.00,$0.68,$0.00,￥0.00,,#DIV/0!
停产停售,,,老库存,,CH1100,Do Your Needlework-Animal,针线套装,375,375,"￥2,381.25",0,￥6.35,￥0.00,$1.13,$0.00,￥0.00,,#DIV/0!
停产停售,,,老库存,,R311-1,Beach toys,网袋吊卡-5PC沙滩玩具,384,384,"￥1,296.00",0,￥3.38,￥0.00,,$0.00,￥0.00,,#DIV/0!
停产停售,,,老库存,,R311-5,Beach toys,网袋吊卡-9PC沙滩玩具,384,384,"￥2,400.00",0,￥6.25,￥0.00,,$0.00,￥0.00,,#DIV/0!
停产停售,,,老库存,,R311-6,Beach toys,网袋吊卡-6PC沙滩玩具,340,340,"￥1,020.00",0,￥3.00,￥0.00,,$0.00,￥0.00,,#DIV/0!
停产停售,,,老库存,,R311-13,Beach toys,网袋吊卡-4PC沙滩玩具,383,383,"￥1,302.20",0,￥3.40,￥0.00,,$0.00,￥0.00,,#DIV/0!
停产停售,,,老库存,,R311-17,Beach toys,网袋吊卡-8PC沙滩玩具,384,384,"￥3,068.16",0,￥7.99,￥0.00,,$0.00,￥0.00,,#DIV/0!
停产停售,,DISPLAY,Display  展架系统,,DP197072K,DP197072,植绒画空展示盒 （老款）DP197072,15,15,￥90.00,0,￥6.00,￥0.00,,$0.00,￥0.00,,#DIV/0!
停产停售,,DISPLAY,Display  展架系统,,DP197089,Sea & Do Display x 78,sea&do 展示架*78pcs（装好尺寸152*38*64.5）,11,11,"￥4,719.00",0,￥429.00,￥0.00,,$0.00,￥0.00,,#DIV/0!
,,,,,KH281（CH201770）,,（涂鸦与装扮-梦幻独角兽）液体粉笔,1224,1224,"￥4,798.08",0,￥3.92,￥0.00,,$0.00,￥0.00,,#DIV/0!
,,,,,KH281（CH201771）,,（涂鸦与装扮-神秘喷火龙）液体粉笔,1096,1096,"￥4,296.32",0,￥3.92,￥0.00,,$0.00,￥0.00,,#DIV/0!
,,,,,,DP197074,低幼刮画空展示盒,0,0,￥0.00,0,,￥0.00,,$0.00,￥0.00,,#DIV/0!
,,,,,,,毛条刮画空展示盒,415,415,￥0.00,0,,￥0.00,,$0.00,￥0.00,,#DIV/0!
,,,,,,,DIY航海手链空展示盒,200,200,￥0.00,0,,￥0.00,,$0.00,￥0.00,,#DIV/0!
,,,,,,,十字绣空展示盒,200,200,￥0.00,0,,￥0.00,,$0.00,￥0.00,,#DIV/0!
客定,,,,,DP207284E(客定）,JRK Empty display of DIY Embroidery Hoop,JRK刺绣箍空展示盒,400,400,"￥3,004.00",0,￥7.51,￥0.00,,$0.00,￥0.00,,#DIV/0!
,,,,,,,（JRK）天地盖空展示盒,160,160,￥0.00,0,,￥0.00,,$0.00,￥0.00,,#DIV/0!
停产停售,,,,,DP207253E 老版,Empty Display of Activity Books On the Go,手提本空展示盒（老版）,300,288,"￥2,805.12",12,￥9.74,￥116.88,,$0.00,￥0.00,,#DIV/0!
停产在售,,DISPLAY,Display  展架系统,,DP207257K（DP197067）,,糊表盒展示盒+卡头+保护罩（CH1686 热缩片),560,560,"￥4,704.00",0,￥8.40,￥0.00,,$0.00,￥0.00,,#DIV/0!
停产停售,,DISPLAY,Display  展架系统,,DP7066,,双面万能孔展架-带U型挂钩,2,2,￥568.40,0,￥284.20,￥0.00,,$0.00,￥0.00,,#DIV/0!
停产停售,,DISPLAY,Display  展架系统,,CH1498,MDF display type E,MDF-黑色拼拆展示架Display E（迷你纹身贴展示架）,20,20,￥851.40,0,￥42.57,￥0.00,,$0.00,￥0.00,,#DIV/0!
停产停售老,,,,,CH1006,,,135,135,￥0.00,0,,￥0.00,,$0.00,￥0.00,,#DIV/0!
停产停售老,,,,,CH1052,,,70,70,￥0.00,0,,￥0.00,,$0.00,￥0.00,,#DIV/0!
停产停售老,,,,,CH1063,,,132,132,￥0.00,0,,￥0.00,,$0.00,￥0.00,,#DIV/0!
停产停售老,,,,,CH1102,,,120,120,￥0.00,0,,￥0.00,,$0.00,￥0.00,,#DIV/0!
停产停售老,,,,,CH1106,,,72,72,￥0.00,0,,￥0.00,,$0.00,￥0.00,,#DIV/0!
停产停售老,,,,,CH12041,,,78,78,￥0.00,0,,￥0.00,,$0.00,￥0.00,,#DIV/0!
停产停售老,,,,,CH1254,Origami Art-Dragon,折纸,339,339,"￥1,118.70",0,￥3.30,￥0.00,,$0.00,￥0.00,,#DIV/0!
停产停售老,,,,,CH1279,Shrinky-Creat 3 Keychain,热缩片,144,144,"￥1,166.40",0,￥8.10,￥0.00,,$0.00,￥0.00,,#DIV/0!
停产停售老,,,,,CH1284,Shrinky-Creat 4 Badge,热缩片,386,386,"￥2,161.60",0,￥5.60,￥0.00,,$0.00,￥0.00,,#DIV/0!
停产停售老,,,,,CH1404,,,96,96,￥0.00,0,,￥0.00,,$0.00,￥0.00,,#DIV/0!
停产停售老,,,,,CH1408,Color Canvas Doll-Horse,上色帆布玩偶-小马,24,24,￥395.28,0,￥16.47,￥0.00,,$0.00,￥0.00,,#DIV/0!
停产停售老,,,,,CH1412,Color Canvas Doll-Crocodie,上色帆布玩偶-鳄鱼,24,24,￥395.28,0,￥16.47,￥0.00,,$0.00,￥0.00,,#DIV/0!
停产停售老,,,,,CH1424,Learning cross stitch,学习十字绣,148,148,"￥2,980.72",0,￥20.14,￥0.00,,$0.00,￥0.00,,#DIV/0!
停产停售老,,,,,CH1436,Cross Stitch-Buffalo,趣味十字绣-野牛,240,240,"￥1,125.60",0,￥4.69,￥0.00,,$0.00,￥0.00,,#DIV/0!
停产停售老,,,,,CH1438,Cross Stitch-Deer,趣味十字绣-鹿,129,129,￥605.01,0,￥4.69,￥0.00,,$0.00,￥0.00,,#DIV/0!
停产停售老,,,,,CH1439,Cross Stitch-Bear,趣味十字绣-小熊,194,194,￥909.86,0,￥4.69,￥0.00,,$0.00,￥0.00,,#DIV/0!
停产停售老,,,,,CH1440,Cross Stitch-Cat,趣味十字绣-小猫,789,789,"￥3,700.41",0,￥4.69,￥0.00,,$0.00,￥0.00,,#DIV/0!
停产停售老,,,,,CH1444,Cross Stitch-Raccoon,趣味十字绣-浣熊,260,260,"￥1,219.40",0,￥4.69,￥0.00,,$0.00,￥0.00,,#DIV/0!
停产停售老,,,,,CH1445,Cross Stitch-Sheep,趣味十字绣-绵羊,149,149,￥698.81,0,￥4.69,￥0.00,,$0.00,￥0.00,,#DIV/0!
停产停售老,,,,,CH1446,Cross Stitch-Camel,趣味十字绣-骆驼,165,165,￥773.85,0,￥4.69,￥0.00,,$0.00,￥0.00,,#DIV/0!
停产停售老,,,,,CH1455,Mosaic Picture-Parrots,马赛克拼贴画-鹦鹉,300,300,"￥2,220.00",0,￥7.40,￥0.00,,$0.00,￥0.00,,#DIV/0!
停产停售老,,,,,CH1456,Mosaic Picture-Hedgehog,马赛克拼贴画-刺猬,30,30,￥222.00,0,￥7.40,￥0.00,,$0.00,￥0.00,,#DIV/0!
停产停售老,,,,,CH1457,Mosaic Picture-Alpaca,马赛克拼贴画-羊驼,308,308,"￥2,279.20",0,￥7.40,￥0.00,,$0.00,￥0.00,,#DIV/0!
停产停售老,,,,,CH1458,Mosaic Picture-Elephant,马赛克拼贴画-大象,77,77,￥0.00,0,,￥0.00,,$0.00,￥0.00,,#DIV/0!
停产停售老,,,,,CH1470,,,96,96,￥0.00,0,,￥0.00,,$0.00,￥0.00,,#DIV/0!
停产停售老,,,,,CH1471,,,192,192,￥0.00,0,,￥0.00,,$0.00,￥0.00,,#DIV/0!
停产停售老,,,,,CH1472,,,144,144,￥0.00,0,,￥0.00,,$0.00,￥0.00,,#DIV/0!
停产停售老,,,,,CH1473,,,287,287,￥0.00,0,,￥0.00,,$0.00,￥0.00,,#DIV/0!
停产停售老,,,,,CH1474,,,149,149,￥0.00,0,,￥0.00,,$0.00,￥0.00,,#DIV/0!
停产停售老,,,,,CH1475,,,184,184,￥0.00,0,,￥0.00,,$0.00,￥0.00,,#DIV/0!
停产停售老,,,,,CH1476,,,360,360,￥0.00,0,,￥0.00,,$0.00,￥0.00,,#DIV/0!
停产停售老,,,,,CH1477,,,280,280,￥0.00,0,,￥0.00,,$0.00,￥0.00,,#DIV/0!
停产停售老,,,,,CH1479,,,108,108,￥0.00,0,,￥0.00,,$0.00,￥0.00,,#DIV/0!
停产停售老,,,,,STB0001,Sticker Book-Creat My Farm,不干胶本子-农场,186,186,"￥1,368.96",0,￥7.36,￥0.00,,$0.00,￥0.00,,#DIV/0!
停产停售老,,,,,STB0003,Sticker Book-Princess,换装公主-不干胶本,217,217,"￥1,597.12",0,￥7.36,￥0.00,,$0.00,￥0.00,,#DIV/0!
停产停售老,,,,,BENc003M,,BENc003M 涂鸦桌,34,34,￥0.00,0,,￥0.00,,$0.00,￥0.00,,#DIV/0!
停产停售老,,,,,,,展示套装DP197086（处理品）,60,60,￥0.00,0,,￥0.00,,$0.00,￥0.00,,#DIV/0!
停产停售老,,,,,乐乐涂手作教学包,,教学包（15合1）,52,52,"￥3,224.00",0,￥62.00,￥0.00,,$0.00,￥0.00,,#DIV/0!
停产停售老,,,,,,,8支装彩铅（袋）,6000,6000,￥0.00,0,,￥0.00,,$0.00,￥0.00,,#DIV/0!
停产停售老,,,,,CH1333,Origami-Fruit,艾维尼折纸艺术--水果,1,1,￥4.10,0,￥4.10,￥0.00,,$0.00,￥0.00,,#DIV/0!
停产停售老,,,,,MB199333,Beach toys R311-46,艾维尼造型沙模具I-水果,2,2,￥10.00,0,￥5.00,￥0.00,,$0.00,￥0.00,,#DIV/0!
客定,,,,,BN192011-36黄色,比那博拼搭系列-36片黄色,比那博拼搭系列-36片黄色,12,12,￥246.72,0,￥20.56,￥0.00,,$0.00,￥0.00,,#DIV/0!
客定,,,,,BN192012-36蓝色,比那博拼搭系列-36片蓝色,比那博拼搭系列-36片蓝色,69,69,"￥1,315.14",0,￥19.06,￥0.00,,$0.00,￥0.00,,#DIV/0!
客定,,,,,BN192014-36橙色,比那博拼搭系列-36片橙色,比那博拼搭系列-36片橙色,22,22,￥445.50,0,￥20.25,￥0.00,,$0.00,￥0.00,,#DIV/0!
客定,,,,,BN192020-60四色,比那博拼搭系列-60片四色,比那博拼搭系列-60片四色,73,73,"￥2,287.09",0,￥31.33,￥0.00,,$0.00,￥0.00,,#DIV/0!
,,,,,,,,,,,,,,,,,,
,,,,,,,,,,,,,,,,,,
,,,,,,,,,,,,,,,,,,
,,,,,,,,,,,,,,,,,,
,,,,,,,,,,,,,,,,,,
,,,,,,,,,,,,,,,,,,
,,,,,,,,,,,,,,,,,,
,,,,,,,,,,,,,,,,,,
,,,,,,,,,,,,,,,,,,
,,,,,,,,,,,,,,,,,,
,,,,,,,,,,,,,,,,,,
,,,,,,,,,,,,,,,,,,
,,,,,,,,,,,,,,,,,,
,,,,,,,,,,,,,,,,,,
,,,,,,,,,,,,,,,,,,
,,,,,,,,,,,,,,,,,,
,,,,,,,,,,,,,,,,,,
,,,,,,,,,,,,,,,,,,
,,,,,,,,,,,,,,,,,,
,,,,,,,,,,,,,,,,,,
,,,,,,,,,,,,,,,,,,
,,,,,,,,,,,,,,,,,,
,,,,,,,,,,,,,,,,,,
,,,,,,,,,,,,,,,,,,
,,,,,,,,,,,,,,,,,,
,,,,,,,,,,,,,,,,,,
,,,,,,,,,,,,,,,,,,
